"id","female","age","cohort","race","latinx","ethnic","educate","childs","marital","sei","occprest","attend","relig","fund","owngun","legalmarij","cappunish","partyaff","polviews","spanking","lifesatis","volunteer","confidence","civliberty","watchtv","pincome","fincome"
1,"male",43,1975,"White","no","White",14,0,4,65.3,47,5,1,"moderate","no",NA,"yes",6,6,2,NA,1,0,12,3,110,110
2,"female",74,1944,"White","no","White",10,3,3,14.8,22,2,2,"moderate","no","no","no",3,4,NA,87.91,1,10,11,NA,0,120
3,"male",42,1976,"White","yes","Latinx",16,2,1,83.4,61,2,6,"liberal","no","yes","yes",5,5,2,NA,1,3,0,1,220,120
4,"female",63,1955,"White","no","White",16,2,1,69.3,59,6,1,"liberal","no","no","no",3,4,3,78.23,3,3,0,1,230,130
5,"male",71,1947,"AfricanAmerican","no","AfricanAmerican",18,0,3,68.6,53,8,2,"moderate","yes","no","no",7,7,NA,77.39,3,7,12,NA,0,100
6,"female",67,1951,"White","no","White",16,2,2,69.3,53,4,2,"moderate","yes",NA,"yes",3,3,3,NA,1,1,12,8,0,100
7,"female",59,1959,"AfricanAmerican","no","AfricanAmerican",13,6,3,24.2,48,7,1,"fundamentalist","no","yes","yes",1,4,NA,72.31,3,4,10,NA,120,100
8,"male",43,1975,"White","no","White",12,0,4,23.7,35,7,2,"moderate","no","yes","yes",6,5,NA,80.96,1,2,6,NA,170,120
9,"female",62,1956,"White","no","White",8,4,2,21.8,35,0,6,"liberal","no","yes","yes",4,4,1,NA,1,1,0,4,20,50
10,"male",55,1963,"White","no","White",12,2,1,57.1,39,2,1,"liberal","no","yes","yes",2,4,2,71.21,2,4,0,2,220,120
11,"male",59,1959,"White","no","White",19,2,3,77.4,72,4,2,"moderate","yes",NA,"yes",7,6,3,NA,1,4,12,3,230,120
12,"female",34,1984,"other","yes","Latinx",14,3,3,31.6,35,5,1,"moderate","no","no","yes",2,4,NA,63.42,2,1,0,3,120,110
13,"female",61,1957,"White","no","White",13,2,3,59.8,45,0,2,"moderate","no",NA,"yes",2,4,3,NA,1,1,5,7,0,110
14,"male",44,1974,"AfricanAmerican","no","AfricanAmerican",16,2,1,86.6,72,3,2,"moderate","no","yes","yes",1,3,NA,70.09,2,3,4,NA,220,120
15,"female",41,1977,"AfricanAmerican","no","AfricanAmerican",12,2,4,21.6,28,0,6,"liberal","no","yes","yes",5,2,3,NA,1,3,0,7,0,20
16,"female",75,1943,"White","no","White",12,4,2,73.9,53,7,2,"moderate","no",NA,"no",4,5,2,NA,1,1,9,5,90,120
17,"female",55,1963,"White","no","White",16,0,1,84.2,64,1,6,"liberal","no","yes","no",3,2,3,49.51,2,0,0,3,200,120
18,"female",30,1988,"White","no","White",16,2,1,48.18,45,0,4,"none","no",NA,"no",4,6,3,NA,1,3,3,1,0,120
19,"female",40,1978,"White","no","White",20,2,3,82.5,64,4,1,"moderate","no","no","yes",2,2,NA,71.63,5,2,11,NA,200,120
20,"male",30,1988,"White","no","White",18,0,4,43,38,5,2,"moderate","no","yes","yes",5,4,3,70.4,1,3,0,0,120,110
21,"female",34,1984,"White","no","White",15,1,1,58.2,38,2,1,"liberal","no",NA,"no",6,6,3,NA,1,0,5,1,170,120
22,"female",29,1989,"other","yes","Latinx",14,0,4,34.13,38,7,1,"fundamentalist","no","no","no",6,6,NA,66.38,1,0,2,NA,0,100
23,"female",40,1978,"White","no","White",14,1,1,84.2,64,1,2,"moderate","no","yes","yes",3,4,3,NA,1,1,0,5,220,120
24,"male",37,1981,"White","no","White",12,0,4,19.2,35,0,5,"none","yes",NA,"yes",1,1,4,NA,1,0,10,1,180,120
25,"female",56,1962,"White","no","White",16,3,1,62.9,54,6,1,"moderate","no",NA,"no",6,6,3,NA,1,2,9,2,120,120
26,"male",82,1936,"White","no","White",8,2,2,36.4,44,2,2,"moderate","no","yes","yes",6,4,NA,82.5,1,9,3,NA,0,120
27,"female",68,1950,"White","no","White",12,3,3,25.7,38,5,2,"moderate","no",NA,"yes",2,4,2,NA,1,0,10,2,170,120
28,"female",42,1976,"AfricanAmerican","no","AfricanAmerican",9,5,4,37.6,39,6,1,"fundamentalist","no","yes","yes",2,4,NA,70.24,1,0,6,NA,0,90
29,"female",40,1978,"White","no","White",12,3,3,24.2,48,3,2,"moderate","no","no","yes",7,7,3,NA,1,8,0,3,0,120
30,"male",20,1998,"White","no","White",14,0,4,19.6,31,1,2,"moderate","no","no","no",5,2,NA,89.18,2,10,7,NA,100,120
31,"female",74,1944,"White","no","White",12,2,1,84.2,64,2,2,"moderate","no","no","yes",5,7,2,78.16,1,1,0,5,0,110
32,"male",89,1929,"White","no","White",8,7,1,46.6,45,8,2,"moderate","no","no","no",7,4,NA,82.73,5,7,12,NA,0,120
33,"female",60,1958,"White","no","White",16,2,1,76.3,60,3,1,"moderate","no","yes","no",4,4,3,NA,1,5,0,3,0,110
34,"female",56,1962,"White","no","White",16,0,3,71.8,64,0,6,"liberal","no",NA,"no",2,1,4,NA,1,0,12,3,230,120
35,"female",55,1963,"White","yes","Latinx",10,3,3,21.8,35,7,1,"fundamentalist","no","no","no",3,6,4,NA,1,3,0,2,60,100
36,"male",65,1953,"White","no","White",18,5,1,87.9,60,3,3,"liberal","no","no","yes",7,7,NA,80.82,4,7,12,NA,220,120
37,"female",71,1947,"White","no","White",20,1,2,67.7,39,6,3,"liberal","no",NA,"no",1,4,3,NA,1,0,12,2,80,120
38,"male",34,1984,"White","no","White",20,0,4,85.8,73,0,6,"liberal","no","yes","no",1,1,NA,83.62,1,3,12,NA,180,120
39,"male",45,1973,"White","yes","Latinx",19,1,1,64.2,53,7,1,"liberal","no","yes","no",5,5,2,NA,1,4,0,1,180,120
41,"female",65,1953,"White","no","White",12,2,3,31.6,35,2,6,"liberal","no","yes","no",1,3,3,68.88,2,1,0,2,100,90
42,"male",52,1966,"White","no","White",12,0,4,35.3,42,0,2,"moderate","no",NA,"yes",2,4,2,NA,1,0,6,5,170,120
43,"female",62,1956,"White","no","White",12,1,2,20.7,24,2,2,"moderate","no","yes","yes",1,4,3,73.99,1,0,0,7,0,120
44,"male",60,1958,"other","no","Other",18,0,1,75.6,57,2,5,"none","no","yes","no",1,4,NA,77.77,3,7,10,NA,150,120
45,"female",62,1956,"White","no","White",16,2,3,51.5,48,3,4,"none","no","yes","no",3,2,NA,66.34,3,3,12,NA,200,120
46,"female",46,1972,"White","yes","Latinx",12,3,2,24.2,48,0,2,"moderate","no","no","no",2,5,3,64.35,1,1,0,5,160,120
47,"male",40,1978,"White","yes","Latinx",18,2,1,50,45,0,2,"moderate","no","yes","no",2,3,2,NA,1,8,0,2,210,120
48,"female",53,1965,"White","yes","Latinx",18,3,1,80.7,65,7,2,"moderate","no","yes","yes",2,3,4,80.56,4,5,0,3,0,110
49,"male",75,1943,"White","no","White",17,1,3,69.3,53,7,1,"liberal","no","no","yes",6,6,2,NA,1,6,0,0,0,120
50,"female",67,1951,"White","no","White",16,2,3,24.2,48,3,5,"none","no",NA,"no",3,4,2,NA,1,0,10,2,0,120
51,"male",22,1996,"White","no","White",14,0,4,57.8,47,2,2,"moderate","no","yes","no",4,4,NA,71.81,1,1,12,NA,130,110
52,"female",42,1976,"White","yes","Latinx",12,3,3,73.9,53,3,1,"fundamentalist","no",NA,"no",2,4,2,NA,1,0,3,2,150,120
53,"female",59,1959,"White","no","White",18,2,3,24.2,48,3,3,"liberal","no","no","yes",4,4,3,NA,1,4,0,10,210,120
54,"female",33,1985,"other","no","Other",18,1,1,92.8,80,3,5,"none","no","no","no",4,4,NA,71.86,2,5,5,NA,190,120
55,"male",46,1972,"White","no","White",16,2,1,87.9,60,2,6,"liberal","no","yes","no",4,3,3,83.13,1,1,0,1,260,130
56,"male",55,1963,"White","no","White",14,1,3,92,66,1,2,"moderate","no","yes","yes",6,4,NA,79.04,1,1,8,NA,240,120
57,"female",43,1975,"White","yes","Latinx",16,2,1,63.7,33,4,2,"moderate","no","yes","no",4,4,2,NA,1,1,0,1,0,120
58,"female",45,1973,"AfricanAmerican","no","AfricanAmerican",14,2,4,35.8,32,0,1,"moderate","no",NA,"yes",3,4,4,NA,1,0,6,0,80,80
59,"male",23,1995,"White","yes","Latinx",11,0,4,23.3,25,3,2,"moderate","no","yes","no",2,6,NA,60.15,2,7,8,NA,200,120
60,"female",28,1990,"AfricanAmerican","no","AfricanAmerican",9,2,3,39.7,31,0,6,"liberal","no","yes","no",2,4,2,37.19,1,1,0,8,60,70
61,"female",27,1991,"AfricanAmerican","no","AfricanAmerican",13,1,1,12.6,25,2,5,"none","no",NA,"no",1,2,2,NA,1,2,4,10,30,50
62,"female",42,1976,"AfricanAmerican","no","AfricanAmerican",10,3,1,21.8,35,2,1,"fundamentalist","no","yes","no",1,1,2,NA,1,4,0,8,130,120
63,"female",41,1977,"AfricanAmerican","no","AfricanAmerican",16,0,4,61.2,43,7,1,"moderate","no",NA,"no",1,4,2,NA,1,1,10,4,190,120
64,"female",64,1954,"AfricanAmerican","no","AfricanAmerican",13,1,2,24.2,48,8,1,"fundamentalist","no",NA,"yes",1,4,3,NA,1,1,4,5,0,120
65,"male",53,1965,"AfricanAmerican","no","AfricanAmerican",12,4,4,25,35,0,6,"liberal","no","no","no",5,4,3,86.58,1,1,0,3,0,100
66,"male",79,1939,"AfricanAmerican","no","AfricanAmerican",20,4,3,76.3,60,3,1,"fundamentalist","no",NA,"no",3,2,2,NA,1,0,12,1,0,110
67,"male",34,1984,"White","no","White",14,3,1,31.6,35,1,1,"fundamentalist","no",NA,"yes",2,6,1,NA,1,0,10,1,190,120
68,"female",59,1959,"AfricanAmerican","no","AfricanAmerican",14,3,3,38.8,47,8,1,"moderate","no","yes","no",1,4,NA,90.81,3,1,1,NA,0,120
69,"female",32,1986,"AfricanAmerican","yes","Latinx",19,0,4,71,58,6,1,"fundamentalist","no",NA,"no",1,3,3,NA,1,1,11,0,240,120
70,"female",33,1985,"AfricanAmerican","no","AfricanAmerican",16,3,1,62.9,54,0,1,"moderate","no","no","no",2,1,3,NA,1,3,0,4,0,100
71,"male",35,1983,"White","yes","Latinx",15,0,4,44.19,43,3,2,"moderate","no","no","yes",1,4,3,91.87,3,9,0,5,0,80
72,"male",37,1981,"AfricanAmerican","no","AfricanAmerican",16,0,1,41,39,1,1,"moderate","no","no","no",1,2,2,70.38,1,0,0,2,200,120
73,"female",28,1990,"other","yes","Latinx",16,0,1,21.6,28,0,6,"liberal","no",NA,"yes",4,3,1,NA,1,1,11,5,0,120
74,"female",42,1976,"White","no","White",20,2,1,81,63,4,2,"moderate","no","yes","no",2,2,NA,78.21,5,5,12,NA,160,120
75,"male",21,1997,"White","no","White",14,0,4,50,45,0,6,"liberal","no","yes","no",4,2,NA,79.33,3,6,11,NA,70,120
76,"female",33,1985,"AfricanAmerican","no","AfricanAmerican",14,2,4,35.8,32,0,1,"moderate","no",NA,"yes",4,6,3,NA,1,0,5,1,170,110
77,"female",37,1981,"White","yes","Latinx",16,2,1,75.6,57,3,2,"moderate","no","no","yes",4,4,NA,82.67,3,0,7,NA,240,130
78,"female",89,1929,"White","no","White",8,3,2,18.6,37,3,2,"moderate","no","no","no",4,4,NA,76.62,1,2,0,2,0,120
79,"female",47,1971,"other","no","Other",14,1,1,60.3,52,0,6,"none","yes","no","yes",4,4,NA,79.21,2,2,5,NA,0,110
81,"female",71,1947,"AfricanAmerican","no","AfricanAmerican",16,0,1,73.9,59,0,1,"liberal","no",NA,"no",3,2,3,NA,1,0,11,5,0,120
83,"female",37,1981,"other","yes","Latinx",12,1,3,28.7,51,1,2,"moderate","no","yes","no",2,4,2,NA,1,0,0,2,110,120
84,"female",40,1978,"White","no","White",13,4,1,27,38,5,2,"moderate","no",NA,"no",2,7,1,NA,1,2,6,1,180,120
85,"male",70,1948,"White","yes","Latinx",12,4,3,31.6,35,0,2,"moderate","yes","yes","yes",6,6,NA,91.33,1,3,7,NA,130,120
86,"male",28,1990,"AfricanAmerican","no","AfricanAmerican",17,0,4,65.3,60,0,6,"liberal","no","no","no",2,3,2,NA,1,0,0,0,180,120
87,"female",53,1965,"other","yes","Latinx",13,2,4,12.6,25,7,1,"moderate","no","no","no",1,2,4,72,2,1,0,3,10,120
88,"male",46,1972,"White","no","White",16,2,1,23.3,25,0,6,"liberal","no","yes","no",1,1,NA,67.36,1,3,12,NA,260,130
89,"male",55,1963,"White","no","White",18,0,1,77.2,55,3,1,"moderate","no","yes","yes",1,2,2,80.27,2,4,0,3,190,120
90,"male",28,1990,"other","no","Other",18,0,4,73.6,67,7,4,"none","no","yes","yes",2,4,3,NA,1,2,0,2,80,80
91,"male",42,1976,"White","no","White",16,0,4,91.1,75,0,6,"liberal","no","yes","yes",3,4,2,58.7,3,0,0,1,220,120
92,"female",77,1941,"White","no","White",19,0,1,73.4,51,7,1,"liberal","no",NA,"no",1,1,4,NA,1,1,12,4,120,120
93,"male",29,1989,"other","no","Other",16,0,4,92.1,72,3,5,"none","no","yes","no",4,3,4,89.27,1,3,0,1,170,110
94,"female",62,1956,"AfricanAmerican","no","AfricanAmerican",12,1,2,21.8,35,7,6,"liberal","no","no","yes",3,2,3,NA,1,2,0,3,0,100
95,"female",30,1988,"AfricanAmerican","no","AfricanAmerican",16,2,4,38.19,41,3,1,"moderate","yes",NA,"no",3,2,2,NA,1,0,8,5,220,120
96,"male",22,1996,"AfricanAmerican","no","AfricanAmerican",14,0,4,23.7,35,3,1,"fundamentalist","no","no","yes",2,2,NA,69.19,1,3,7,NA,110,100
97,"female",69,1949,"AfricanAmerican","no","AfricanAmerican",13,1,1,39.6,42,3,1,"fundamentalist","no","yes","no",1,2,NA,65.69,2,1,10,NA,0,120
98,"male",45,1973,"AfricanAmerican","no","AfricanAmerican",16,0,3,62.9,54,3,2,"moderate","no",NA,"yes",1,5,1,NA,1,5,12,0,190,120
99,"female",32,1986,"other","no","Other",12,1,1,44.69,44,0,4,"none","no","yes","no",2,4,NA,92.89,2,6,3,NA,0,120
100,"female",60,1958,"White","no","White",4,1,2,38.1,39,3,2,"moderate","no","no","yes",5,4,NA,92.79,1,1,2,NA,0,80
101,"male",48,1970,"other","no","Other",12,1,3,65.1,59,0,2,"moderate","no",NA,"no",5,6,1,NA,1,0,9,3,190,120
102,"female",81,1937,"other","no","Other",12,1,3,46.6,69,2,5,"none","no",NA,"yes",2,2,2,NA,1,3,6,3,0,20
103,"male",50,1968,"other","yes","Latinx",18,0,1,83.8,60,0,6,"liberal","no","yes","no",3,2,NA,68.8,4,5,12,NA,230,130
104,"female",78,1940,"White","no","White",14,2,1,73.9,53,0,2,"moderate","no","no","yes",5,5,NA,80.99,2,4,5,NA,0,120
105,"male",56,1962,"White","no","White",18,0,4,81,63,3,3,"liberal","no","yes","no",1,1,4,49.99,3,1,0,7,200,120
106,"male",60,1958,"White","no","White",14,0,4,38.2,32,7,2,"moderate","no",NA,"no",5,5,2,NA,1,0,12,1,220,120
107,"male",23,1995,"White","no","White",12,0,4,36.2,43,0,2,"moderate","no","no","yes",6,4,1,79.19,2,7,0,8,180,120
108,"female",67,1951,"White","no","White",12,0,4,59.8,46,0,2,"moderate","no","yes","no",4,4,NA,88.21,1,2,0,5,30,100
110,"female",62,1956,"White","no","White",14,2,1,50,45,6,2,"moderate","no","yes","no",4,3,3,79.53,2,1,0,6,0,120
111,"female",55,1963,"White","no","White",14,2,3,84.2,64,2,1,"moderate","yes","yes","yes",1,4,NA,90.31,1,4,8,NA,220,120
112,"female",56,1962,"White","no","White",12,1,1,38.8,47,3,2,"moderate","no","no","yes",2,6,2,NA,1,3,0,1,100,120
113,"male",58,1960,"White","no","White",14,0,4,27,38,0,6,"liberal","no","yes","no",1,1,3,88.18,1,4,0,7,0,120
114,"female",74,1944,"White","no","White",12,1,3,39.7,31,0,2,"moderate","no","no","yes",2,4,2,NA,1,0,0,0,0,90
115,"male",70,1948,"White","no","White",16,3,1,55.3,31,2,1,"moderate","no","yes","no",2,3,4,81.41,3,5,0,2,240,130
116,"male",35,1983,"White","no","White",17,2,1,69.3,53,1,2,"moderate","no",NA,"yes",4,5,3,NA,1,1,10,2,0,110
117,"male",65,1953,"AfricanAmerican","no","AfricanAmerican",8,2,1,68.6,50,0,6,"liberal","no","yes","yes",2,4,2,70.48,1,2,0,4,0,120
118,"female",42,1976,"White","no","White",14,2,1,67.8,52,0,6,"liberal","yes","yes","yes",4,4,NA,70.95,2,2,12,NA,0,120
119,"female",48,1970,"White","no","White",13,2,1,24.6,36,5,2,"moderate","no","yes","yes",6,5,NA,79.95,2,2,12,NA,100,120
120,"male",32,1986,"White","no","White",13,0,4,28.7,44,0,2,"moderate","no",NA,"yes",5,4,1,NA,1,0,6,4,180,120
121,"female",56,1962,"White","no","White",12,3,1,25.7,38,0,6,"liberal","yes","no","yes",5,6,NA,77.1,3,1,10,NA,0,120
122,"female",61,1957,"White","no","White",12,2,1,69.3,53,7,2,"moderate","yes",NA,"yes",4,7,3,NA,1,1,8,3,180,120
123,"female",76,1942,"White","no","White",16,2,2,40.4,31,3,1,"liberal","no","yes","no",1,1,NA,80.14,3,4,12,NA,90,120
124,"female",59,1959,"White","no","White",16,2,1,26.1,48,3,1,"moderate","no","yes","yes",3,5,NA,72.44,3,3,4,NA,160,120
125,"male",69,1949,"White","no","White",16,0,4,56.9,49,0,1,"moderate","no",NA,"yes",1,2,2,NA,1,2,12,4,160,120
126,"male",48,1970,"other","no","Other",18,0,4,82.5,64,0,6,"liberal","no","no","yes",2,3,2,NA,1,2,0,2,220,120
127,"female",68,1950,"White","no","White",20,2,1,88.7,71,2,3,"liberal","no",NA,"yes",7,6,3,NA,1,1,7,2,210,120
128,"female",39,1979,"White","no","White",16,0,4,37.8,36,0,1,"moderate","no","yes","yes",2,3,NA,69.87,1,1,6,NA,0,10
129,"male",38,1980,"White","yes","Latinx",18,2,1,78.3,51,7,2,"moderate","no",NA,"yes",2,4,1,NA,1,0,9,1,180,120
130,"female",39,1979,"White","no","White",18,1,4,73.6,67,0,6,"liberal","no","yes","no",1,2,NA,76.52,2,2,8,NA,250,120
131,"female",52,1966,"White","yes","Latinx",12,4,1,53.76,48,8,1,"fundamentalist","no","no","no",4,4,2,82.23,3,4,0,0,0,120
132,"female",41,1977,"White","no","White",20,1,1,92.1,72,0,6,"liberal","no",NA,"no",2,1,2,NA,1,1,9,1,0,120
133,"male",60,1958,"White","no","White",17,3,1,84,73,0,6,"liberal","no","yes","no",1,2,3,NA,1,6,0,0,240,130
134,"male",69,1949,"White","no","White",15,2,1,77.4,72,7,1,"liberal","yes","no","no",1,2,NA,70.55,5,0,12,NA,250,130
135,"male",60,1958,"White","no","White",13,0,1,60.3,52,0,5,"none","no","yes","no",1,2,3,67.68,2,2,0,2,230,130
136,"female",22,1996,"other","yes","Latinx",12,0,4,25.7,38,3,2,"moderate","no","yes","no",4,3,4,NA,1,4,0,0,0,120
137,"male",33,1985,"other","yes","Latinx",16,0,4,62,45,2,6,"liberal","no",NA,"yes",4,4,2,NA,1,1,9,2,80,120
138,"female",35,1983,"other","no","Other",16,0,1,23.8,25,0,6,"liberal","no","yes","yes",4,5,NA,68.69,1,7,6,NA,180,120
139,"female",38,1980,"White","yes","Latinx",12,2,1,14.8,22,4,2,"moderate","no","no","no",3,4,3,81.9,2,2,0,1,80,120
140,"female",25,1993,"White","yes","Latinx",15,0,4,82.5,64,0,6,"liberal","no",NA,"yes",5,4,4,NA,1,0,8,3,90,120
141,"male",55,1963,"White","no","White",14,2,3,36.4,44,1,6,"liberal","yes","no","yes",7,6,NA,57.98,1,0,12,NA,180,120
142,"male",34,1984,"White","no","White",17,0,1,60.5,61,7,1,"liberal","no","yes","no",2,2,3,70.81,4,2,0,2,80,110
144,"male",18,2000,"AfricanAmerican","no","AfricanAmerican",12,0,4,34.13,37,7,1,"moderate","no","no","no",4,4,2,NA,1,0,0,4,0,100
145,"male",56,1962,"other","yes","Latinx",12,3,3,65.1,59,5,2,"moderate","no","yes","yes",1,3,2,80.71,1,4,0,1,200,120
146,"male",19,1999,"AfricanAmerican","no","AfricanAmerican",12,0,4,13.6,33,2,1,"moderate","no",NA,"yes",5,6,2,NA,1,0,12,0,0,120
147,"male",34,1984,"AfricanAmerican","no","AfricanAmerican",12,0,4,23.8,25,4,1,"moderate","no","yes","no",2,4,4,NA,1,0,0,1,200,120
148,"female",26,1992,"AfricanAmerican","yes","Latinx",17,0,4,60.3,52,3,2,"moderate","no","yes","no",4,4,2,69.97,2,0,0,3,100,90
149,"male",28,1990,"White","no","White",14,0,4,29.5,40,0,6,"liberal","yes",NA,"yes",4,4,1,NA,1,0,10,0,0,120
150,"female",59,1959,"White","yes","Latinx",19,2,3,88.7,71,0,3,"liberal","no","yes","no",1,2,4,78.71,1,2,0,2,220,120
151,"female",39,1979,"AfricanAmerican","no","AfricanAmerican",16,0,4,65.3,47,4,1,"moderate","yes","yes","no",3,4,NA,71.77,4,2,7,NA,200,120
152,"female",77,1941,"AfricanAmerican","no","AfricanAmerican",13,4,3,41.15,42,8,1,"fundamentalist","no","no","no",1,6,NA,71.96,1,1,0,NA,0,40
153,"female",35,1983,"AfricanAmerican","no","AfricanAmerican",12,1,4,24.2,48,0,1,"fundamentalist","no","no","yes",4,5,2,68.23,1,3,0,5,0,40
154,"female",46,1972,"other","no","Other",16,4,3,71.8,64,0,2,"moderate","no","no","no",4,4,NA,59.92,1,4,9,NA,120,120
155,"male",57,1961,"other","yes","Latinx",8,0,4,24.2,48,2,2,"moderate","no","yes","yes",6,4,3,59.96,2,6,0,2,180,20
156,"female",35,1983,"other","yes","Latinx",11,4,1,20.7,24,0,6,"liberal","no","no","no",2,4,NA,71.79,1,0,4,NA,20,90
157,"female",58,1960,"White","yes","Latinx",12,4,3,55.3,31,6,1,"fundamentalist","no",NA,"no",6,5,2,NA,1,4,3,2,150,120
158,"female",20,1998,"other","yes","Latinx",14,0,4,80.9,61,7,2,"moderate","no",NA,"no",4,4,1,NA,1,0,11,1,60,120
159,"female",48,1970,"other","yes","Latinx",7,5,1,13.2,32,8,2,"moderate","no","no","no",3,4,2,79.45,5,1,0,1,70,100
160,"female",51,1967,"White","yes","Latinx",2,3,3,25,35,6,2,"moderate","no",NA,"yes",4,4,3,NA,1,3,3,0,100,90
161,"female",18,2000,"other","yes","Latinx",11,0,4,37.67,41,0,6,"liberal","no","yes","no",1,2,NA,77.38,5,8,11,NA,0,100
162,"female",18,2000,"White","yes","Latinx",12,0,4,43.92,44,0,6,"liberal","no","yes","yes",2,2,2,NA,1,4,0,4,0,120
163,"female",41,1977,"other","yes","Latinx",12,2,1,39.2,38,0,6,"liberal","no",NA,"yes",2,4,3,NA,1,0,7,2,170,120
164,"female",51,1967,"other","yes","Latinx",15,2,1,17.1,24,4,2,"moderate","no","no","no",2,4,NA,66.86,2,1,6,NA,0,50
165,"female",41,1977,"White","yes","Latinx",6,4,1,52.17,46,2,2,"moderate","no",NA,"yes",4,4,2,NA,1,0,4,3,0,30
166,"female",71,1947,"White","no","White",13,1,4,31.6,35,0,6,"liberal","no","no","no",3,2,NA,NA,1,2,0,0,0,100
167,"male",43,1975,"White","yes","Latinx",9,0,4,28.7,44,0,6,"liberal","no","yes","yes",2,4,NA,76.79,1,7,5,NA,0,120
168,"male",53,1965,"other","no","Other",16,0,4,14.6,24,7,2,"moderate","no",NA,"no",4,2,4,NA,1,0,12,7,60,100
169,"male",46,1972,"White","no","White",18,0,4,42.8,38,2,6,"liberal","no","no","yes",2,3,NA,52.05,1,4,10,NA,190,120
170,"male",36,1982,"White","yes","Latinx",13,3,1,39.7,31,3,1,"moderate","no",NA,"yes",1,3,2,NA,1,2,12,3,190,120
171,"male",19,1999,"White","yes","Latinx",12,0,4,20.7,24,0,6,"liberal","no","no","yes",5,5,NA,59.05,2,2,11,NA,70,120
172,"male",65,1953,"other","yes","Latinx",14,1,1,38.8,45,8,2,"moderate","no","no","no",3,2,4,83.83,3,3,0,2,150,120
173,"female",60,1958,"White","yes","Latinx",13,0,3,54.6,41,3,1,"fundamentalist","no","no","no",7,4,NA,59.11,2,0,11,NA,180,120
174,"female",63,1955,"White","no","White",16,0,4,62.1,49,4,3,"liberal","no","no","yes",1,6,4,NA,1,5,0,2,0,100
175,"male",36,1982,"White","no","White",20,2,1,92.1,72,0,3,"liberal","no","yes","no",1,2,NA,91.43,1,1,8,NA,260,130
176,"female",40,1978,"other","no","Other",16,2,1,56.9,49,0,5,"none","no","yes","no",4,6,2,76.12,1,6,0,1,0,120
177,"female",42,1976,"White","no","White",18,3,1,77.4,72,2,3,"liberal","no",NA,"no",1,1,3,NA,1,0,7,1,250,130
178,"male",61,1957,"White","no","White",14,0,3,59.8,46,7,5,"none","yes","yes","no",5,4,NA,74.39,4,1,12,NA,240,120
179,"male",27,1991,"other","no","Other",16,0,4,76.3,60,0,6,"liberal","no","yes","yes",2,3,2,NA,1,2,0,0,210,120
180,"male",52,1966,"White","no","White",14,1,4,25.2,28,4,1,"moderate","no",NA,"yes",4,4,3,NA,1,0,6,3,0,90
181,"female",36,1982,"AfricanAmerican","no","AfricanAmerican",12,0,4,23.8,25,8,6,"liberal","no","no","no",4,4,NA,59.03,2,9,0,NA,0,90
182,"female",74,1944,"White","no","White",16,4,3,57.5,48,0,1,"none","no","yes","yes",3,2,2,55.19,2,6,0,1,0,90
183,"male",36,1982,"White","yes","Latinx",20,0,4,91.1,69,0,6,"liberal","no",NA,"no",1,2,3,NA,1,0,12,1,200,120
184,"male",34,1984,"White","yes","Latinx",17,0,4,76.3,60,4,1,"moderate","no","yes","no",1,4,2,NA,1,6,0,2,210,120
185,"male",46,1972,"other","no","Other",16,1,3,57.8,47,0,6,"liberal","no",NA,"no",3,4,4,NA,1,0,4,3,240,120
186,"female",21,1997,"White","no","White",14,0,4,19.6,31,0,6,"liberal","no","yes","no",1,2,NA,95.69,3,3,10,NA,20,120
187,"female",72,1946,"White","yes","Latinx",11,3,3,38.1,39,1,2,"moderate","no","no","no",3,4,4,NA,1,0,0,7,220,120
188,"male",46,1972,"other","no","Other",16,2,1,80.7,65,5,2,"moderate","no",NA,"no",2,3,2,NA,1,1,7,2,220,120
189,"female",21,1997,"White","no","White",14,0,4,30.3,18,0,6,"liberal","no","yes","yes",4,4,NA,77.29,2,2,10,NA,80,100
190,"male",46,1972,"other","yes","Latinx",13,1,4,21.6,34,0,2,"moderate","no","yes","yes",5,6,1,NA,1,7,0,1,200,120
191,"male",53,1965,"other","no","Other",12,3,3,37.2,49,6,1,"moderate","yes","yes","yes",7,4,NA,80.38,3,6,10,NA,230,120
192,"female",74,1944,"White","no","White",18,4,2,80.9,61,7,1,"fundamentalist","no","yes","yes",6,6,NA,72.02,4,4,8,NA,0,110
193,"male",70,1948,"White","yes","Latinx",6,1,3,49.29,46,3,2,"moderate","no","no","yes",3,4,NA,NA,1,7,0,2,0,10
194,"female",36,1982,"other","yes","Latinx",16,1,1,51.6,47,5,1,"moderate","no",NA,"no",5,4,4,NA,1,0,10,0,190,120
195,"male",57,1961,"White","no","White",11,1,1,36.2,43,2,6,"liberal","no","no","yes",7,7,4,89.55,2,4,0,8,0,100
196,"male",60,1958,"White","no","White",16,0,4,57.5,48,7,1,"fundamentalist","no",NA,"yes",5,6,1,NA,1,0,12,2,220,120
197,"female",53,1965,"other","yes","Latinx",12,3,3,24.8,22,3,2,"moderate","no","no","yes",7,7,2,NA,1,0,0,3,140,120
198,"male",69,1949,"White","yes","Latinx",12,4,1,18.6,37,2,6,"liberal","yes",NA,"no",2,3,2,NA,1,0,5,3,140,120
199,"female",38,1980,"White","yes","Latinx",16,3,1,52,46,0,6,"liberal","no","yes","yes",2,4,NA,81.66,1,4,10,NA,200,120
200,"female",48,1970,"White","no","White",14,3,1,61.4,46,7,1,"moderate","no",NA,"yes",6,6,2,NA,1,0,10,1,90,120
201,"male",30,1988,"other","no","Other",16,0,4,50,47,0,1,"fundamentalist","no",NA,"yes",5,4,2,NA,1,0,10,1,210,120
202,"male",29,1989,"White","yes","Latinx",13,0,4,43,38,3,6,"liberal","yes",NA,"yes",2,4,1,NA,1,0,10,1,240,120
203,"female",68,1950,"White","no","White",16,2,1,62,45,4,3,"liberal","no","yes","yes",1,2,NA,65.43,3,2,4,NA,0,120
204,"female",64,1954,"White","no","White",13,5,1,39.5,29,2,1,"liberal","yes",NA,"no",3,4,3,NA,1,0,8,6,0,120
205,"male",43,1975,"other","no","Other",16,2,1,67.7,39,8,1,"moderate","no","no","yes",4,2,NA,67.74,4,9,8,NA,0,120
206,"female",69,1949,"White","no","White",12,1,2,35.8,32,0,5,"none","no","yes","yes",4,4,2,NA,1,1,0,4,0,120
207,"male",47,1971,"White","no","White",12,3,1,43,38,0,6,"liberal","yes",NA,"yes",5,6,1,NA,1,0,5,0,190,120
208,"male",57,1961,"White","yes","Latinx",12,2,1,38.1,39,5,1,"moderate","no","no","yes",4,7,1,82.9,4,2,0,6,0,120
209,"male",50,1968,"White","no","White",16,0,1,70.4,55,2,2,"moderate","no","yes","no",2,2,NA,68.04,3,1,12,NA,0,120
210,"female",25,1993,"other","yes","Latinx",12,0,4,17.1,24,2,2,"moderate","no","no","yes",4,4,2,NA,1,7,0,7,60,100
211,"male",75,1943,"White","no","White",14,2,3,58.2,38,5,5,"none","yes","yes","no",1,1,NA,78.25,5,2,11,NA,0,100
212,"male",46,1972,"White","no","White",14,2,1,46.5,50,2,2,"moderate","no","no","yes",7,6,4,92.96,3,3,0,1,230,130
213,"female",77,1941,"White","no","White",10,2,3,39.2,38,0,2,"moderate","no",NA,"yes",3,4,2,NA,1,1,10,9,0,110
214,"female",18,2000,"AfricanAmerican","no","AfricanAmerican",11,0,4,34.2,37,0,6,"liberal","no","yes","no",1,4,3,NA,1,6,0,0,0,90
215,"female",62,1956,"White","no","White",12,1,1,58.4,45,7,1,"moderate","yes","no","yes",7,6,NA,70.63,1,0,2,NA,0,120
216,"female",30,1988,"White","yes","Latinx",15,2,1,37.2,55,2,2,"moderate","no",NA,"no",2,4,3,NA,1,0,4,2,120,120
217,"female",70,1948,"other","yes","Latinx",7,1,2,32.7,32,7,2,"moderate","no","yes","no",1,4,NA,68.46,1,4,0,NA,0,110
218,"male",50,1968,"White","yes","Latinx",3,1,1,53.9,49,0,6,"liberal","no","no","no",4,3,2,NA,1,5,0,0,50,30
219,"female",44,1974,"other","yes","Latinx",12,5,3,20.1,48,4,2,"moderate","no",NA,"yes",3,6,3,NA,1,3,7,3,0,90
220,"female",33,1985,"White","yes","Latinx",12,1,1,65.3,47,6,1,"moderate","no","no","no",4,2,NA,90.98,4,2,10,NA,170,120
221,"female",34,1984,"White","no","White",19,2,1,88.3,59,7,1,"none","yes","yes","yes",7,6,NA,78.34,4,0,11,NA,210,120
222,"female",46,1972,"White","no","White",16,2,1,38.8,47,0,6,"liberal","no","yes","no",1,1,NA,70.73,3,1,12,NA,0,110
223,"male",51,1967,"White","yes","Latinx",12,3,1,49.3,17,5,1,"moderate","no",NA,"yes",2,4,3,NA,1,3,10,2,0,120
224,"male",28,1990,"AfricanAmerican","no","AfricanAmerican",14,0,4,39.2,45,3,1,"moderate","no","yes","no",1,6,NA,80.88,3,4,9,NA,170,120
225,"male",74,1944,"other","yes","Latinx",16,5,3,38.9,41,1,2,"moderate","yes",NA,"yes",3,4,1,NA,1,0,10,3,80,120
226,"female",29,1989,"White","no","White",15,2,4,13.6,33,2,1,"moderate","no","yes","no",4,4,1,NA,1,4,0,2,90,120
227,"male",49,1969,"other","yes","Latinx",11,8,1,23.7,35,0,2,"moderate","no",NA,"yes",3,2,4,NA,1,1,2,2,120,120
228,"female",28,1990,"White","no","White",17,0,4,13.6,21,3,1,"liberal","yes","yes","no",3,3,NA,67.42,1,2,7,NA,170,120
229,"female",48,1970,"White","yes","Latinx",12,4,3,39.7,31,2,2,"moderate","no","no","yes",5,5,1,62.62,2,2,0,6,0,120
230,"female",24,1994,"White","yes","Latinx",12,1,4,14,21,0,1,"moderate","no","yes","no",3,4,3,NA,1,1,0,3,0,120
231,"female",51,1967,"other","no","Other",15,1,3,41,39,0,1,"moderate","no","yes","no",5,4,NA,79.64,2,2,4,NA,80,120
232,"female",42,1976,"White","no","White",16,2,3,76.3,60,5,1,"fundamentalist","no","no","yes",7,6,2,NA,1,6,0,1,200,120
233,"male",44,1974,"AfricanAmerican","no","AfricanAmerican",17,3,1,57.4,50,7,2,"moderate","no","no","yes",4,4,NA,81.33,3,6,10,NA,150,120
234,"female",33,1985,"White","no","White",12,0,1,39.7,31,0,1,"fundamentalist","yes",NA,"yes",5,1,1,NA,1,0,9,6,0,120
235,"male",29,1989,"White","no","White",12,0,1,37.2,55,0,6,"liberal","yes","no","yes",6,5,NA,71.17,5,0,12,NA,170,120
236,"female",48,1970,"White","no","White",17,0,1,62.1,49,0,6,"liberal","no","yes","no",3,2,3,NA,1,5,0,2,210,130
237,"female",62,1956,"White","yes","Latinx",10,4,2,23.3,25,7,1,"moderate","no",NA,"yes",7,4,3,NA,1,0,0,2,160,120
238,"female",88,1930,"White","no","White",12,4,2,26.1,48,7,1,"moderate","no","no","yes",7,6,NA,70.85,1,1,9,NA,0,100
239,"male",65,1953,"White","no","White",18,4,1,80.9,61,5,2,"moderate","no","yes","yes",5,5,3,77.5,1,7,0,4,210,120
240,"female",28,1990,"White","yes","Latinx",13,0,1,25.7,38,0,6,"liberal","yes",NA,"yes",4,3,3,NA,1,0,11,2,0,120
241,"female",58,1960,"White","no","White",14,3,1,54.49,49,7,1,"fundamentalist","no","no","yes",6,4,NA,89.87,5,3,9,NA,170,120
242,"male",26,1992,"White","yes","Latinx",13,2,4,37.6,36,2,6,"liberal","no","yes","yes",4,4,NA,81.34,1,1,11,NA,180,120
243,"female",61,1957,"White","no","White",13,3,1,20.8,39,5,2,"moderate","no","yes","yes",7,7,2,70.23,2,7,0,3,150,120
244,"female",30,1988,"White","yes","Latinx",13,3,1,35.8,32,0,2,"moderate","yes",NA,"no",4,3,1,NA,1,1,12,2,170,120
245,"female",22,1996,"White","no","White",14,0,4,17.5,22,2,6,"liberal","no","yes","yes",1,2,4,NA,1,6,0,3,0,60
246,"female",24,1994,"other","yes","Latinx",12,0,4,27,38,4,2,"moderate","no",NA,"no",1,4,2,NA,1,3,1,1,70,100
247,"male",29,1989,"other","yes","Latinx",12,2,4,20.7,24,3,2,"moderate","yes","yes","yes",4,4,NA,85.66,1,1,6,NA,180,120
248,"male",70,1948,"White","no","White",13,1,2,37.6,31,3,1,"fundamentalist","no","no","yes",5,4,NA,80.15,3,4,12,NA,0,120
249,"male",34,1984,"White","no","White",16,0,4,62,45,1,6,"liberal","no","yes","no",5,4,NA,81.63,2,1,9,NA,130,110
250,"male",66,1952,"White","no","White",12,0,1,91.1,69,2,3,"liberal","no",NA,"yes",5,5,NA,NA,1,0,12,3,0,110
251,"female",84,1934,"White","no","White",12,2,3,84.2,64,5,6,"liberal","no","yes","yes",5,5,NA,58.54,1,0,12,NA,0,90
252,"male",37,1981,"White","no","White",16,2,1,32,35,0,6,"liberal","no","yes","no",3,3,4,80.35,3,3,0,1,260,130
253,"female",61,1957,"White","no","White",14,3,3,56.9,49,7,1,"liberal","no","yes","no",4,2,3,50.23,1,1,0,10,60,100
254,"female",58,1960,"AfricanAmerican","no","AfricanAmerican",12,7,4,24.2,48,6,1,"fundamentalist","no","no","no",1,6,2,NA,1,6,0,7,0,90
255,"male",88,1930,"AfricanAmerican","no","AfricanAmerican",10,6,3,20.7,24,0,1,"fundamentalist","no",NA,"yes",2,3,1,NA,1,1,2,8,0,90
256,"female",80,1938,"other","yes","Latinx",1,8,3,48.43,44,8,1,"fundamentalist","no",NA,"yes",4,1,1,NA,1,0,9,1,0,90
257,"male",36,1982,"other","yes","Latinx",12,1,4,46.5,50,0,6,"liberal","no","yes","no",5,4,NA,70.69,1,3,11,NA,160,120
258,"female",33,1985,"White","yes","Latinx",16,0,4,36.9,48,0,6,"liberal","no",NA,"no",1,2,2,NA,1,2,11,0,0,120
259,"male",81,1937,"White","no","White",16,7,2,57.4,50,7,2,"moderate","no",NA,"no",5,4,3,NA,1,1,5,2,0,120
260,"male",31,1987,"other","yes","Latinx",12,3,1,36.4,44,4,2,"moderate","no","yes","yes",2,5,3,NA,1,2,0,2,200,120
261,"female",69,1949,"White","no","White",16,3,1,77.2,55,5,2,"moderate","no",NA,"no",1,2,3,NA,1,0,12,1,0,120
262,"male",26,1992,"White","no","White",16,0,4,43,38,0,1,"liberal","yes","yes","no",1,2,NA,59.65,3,1,12,NA,100,120
263,"male",45,1973,"White","no","White",16,0,1,62,45,3,1,"moderate","no","yes","no",4,4,3,NA,1,10,0,1,200,120
264,"female",54,1964,"White","no","White",16,1,1,57.8,47,4,1,"fundamentalist","no","yes","no",4,6,2,69.07,2,0,0,3,0,120
265,"female",61,1957,"White","no","White",16,2,1,37.6,31,5,2,"moderate","yes",NA,"yes",5,5,3,NA,1,0,12,2,160,120
266,"male",19,1999,"White","no","White",13,0,4,44.2,44,7,5,"none","no","yes","no",2,2,3,NA,1,2,0,1,0,120
267,"male",58,1960,"White","no","White",16,2,3,52,46,2,6,"liberal","no","yes","no",3,2,NA,69.41,2,1,12,NA,210,120
268,"female",50,1968,"White","no","White",14,1,3,59.8,46,1,2,"moderate","no","yes","no",3,4,3,66.67,1,0,0,0,210,120
269,"male",36,1982,"AfricanAmerican","no","AfricanAmerican",16,0,4,33.4,40,3,2,"moderate","no","yes","no",1,3,NA,69.1,3,0,12,NA,200,120
270,"female",27,1991,"White","yes","Latinx",12,1,4,12.6,25,3,2,"moderate","no",NA,"yes",2,2,1,NA,1,0,6,1,170,120
271,"male",51,1967,"other","yes","Latinx",12,0,4,25.1,44,2,2,"moderate","no","no","no",3,4,NA,71.21,1,5,11,NA,180,120
272,"male",48,1970,"White","yes","Latinx",18,2,1,49.4,40,8,2,"moderate","no",NA,"no",2,5,2,NA,1,5,8,1,0,90
273,"female",29,1989,"White","yes","Latinx",14,2,4,58.6,55,7,2,"moderate","no","yes","no",2,3,NA,70.51,2,6,5,NA,120,120
274,"female",65,1953,"White","no","White",19,3,3,26.1,48,6,1,"moderate","no",NA,"no",1,1,4,NA,1,2,12,2,100,120
275,"female",67,1951,"White","no","White",16,0,4,70.4,55,7,1,"moderate","no","no","no",1,2,NA,77.6,3,5,12,NA,190,120
276,"male",53,1965,"White","no","White",16,1,1,77.4,72,0,6,"liberal","no","yes","yes",2,3,3,69.17,2,3,0,1,220,120
277,"male",45,1973,"White","no","White",18,2,1,77.4,72,1,6,"liberal","no","yes","yes",1,2,NA,79.62,1,6,12,NA,260,130
278,"female",36,1982,"White","no","White",15,1,3,20.1,48,0,6,"liberal","no","yes","yes",2,2,NA,69.53,1,2,12,NA,100,120
279,"male",60,1958,"White","no","White",12,1,1,46,49,0,6,"liberal","no","yes","yes",4,7,NA,76.86,1,1,12,NA,220,120
280,"female",63,1955,"AfricanAmerican","no","AfricanAmerican",16,3,1,53.8,57,8,1,"moderate","no","yes","no",2,4,1,NA,1,1,0,2,190,130
281,"female",52,1966,"White","no","White",12,1,3,68.6,53,2,1,"moderate","no",NA,"yes",6,4,2,NA,1,2,12,2,200,120
282,"male",34,1984,"White","no","White",13,3,1,39.7,31,2,6,"liberal","no","yes","no",3,2,NA,72.62,2,1,12,NA,170,120
283,"male",58,1960,"White","no","White",14,0,1,20.7,24,2,2,"moderate","no","yes","yes",6,5,2,68.97,1,0,0,3,170,120
284,"male",63,1955,"White","no","White",12,1,1,85.2,65,2,1,"liberal","no",NA,"yes",6,5,2,NA,1,0,12,3,230,120
285,"female",71,1947,"White","no","White",16,0,3,77.4,72,1,6,"liberal","no","yes","yes",2,2,NA,82.75,2,4,11,NA,0,120
286,"female",67,1951,"White","no","White",12,2,1,37.9,49,3,2,"moderate","no","yes","no",2,4,3,81.16,3,3,0,3,0,120
287,"female",65,1953,"White","no","White",18,3,3,73.9,53,7,1,"moderate","no","yes","yes",6,4,NA,70,5,7,10,NA,240,120
288,"female",39,1979,"White","no","White",15,1,4,52,46,0,6,"liberal","no",NA,"yes",6,3,2,NA,1,2,9,2,180,120
289,"female",46,1972,"White","no","White",12,3,3,25,35,3,1,"moderate","no","no","no",4,4,NA,88.86,1,2,0,1,0,120
290,"female",83,1935,"White","no","White",12,4,2,38.8,47,4,2,"moderate","no",NA,"no",1,3,4,NA,1,1,12,6,0,110
291,"male",59,1959,"White","no","White",17,1,3,59.1,53,7,1,"liberal","yes","yes","yes",6,7,NA,77.05,4,2,11,NA,230,120
292,"female",63,1955,"White","no","White",19,1,1,59.1,38,0,2,"moderate","no","yes","no",4,4,NA,89.45,3,4,11,NA,100,120
293,"female",38,1980,"White","no","White",12,2,4,38.8,47,0,6,"liberal","no","yes","yes",2,4,2,NA,1,3,0,1,180,120
294,"male",50,1968,"White","no","White",12,2,3,43,38,0,2,"moderate","yes",NA,"yes",6,5,2,NA,1,1,12,2,180,120
295,"female",18,2000,"White","yes","Latinx",11,0,4,41.39,41,0,6,"liberal","no","no","no",4,4,NA,68.28,1,8,8,NA,0,20
296,"female",45,1973,"White","no","White",16,3,1,62.1,45,0,6,"liberal","yes",NA,"yes",3,2,2,NA,1,0,10,3,190,120
297,"female",18,2000,"White","no","White",11,0,4,40.05,40,3,2,"moderate","no","yes","yes",6,5,3,NA,1,0,0,1,0,120
298,"male",39,1979,"AfricanAmerican","no","AfricanAmerican",20,0,4,38.57,41,7,1,"fundamentalist","yes",NA,"yes",1,3,1,NA,1,2,12,6,0,100
299,"female",31,1987,"White","no","White",20,0,4,71.7,61,2,2,"moderate","no",NA,"no",2,4,3,NA,1,3,8,4,200,120
300,"female",44,1974,"AfricanAmerican","no","AfricanAmerican",16,1,4,62.1,49,7,1,"moderate","no","yes","no",4,4,NA,71.09,3,3,12,NA,210,120
301,"female",46,1972,"AfricanAmerican","no","AfricanAmerican",16,1,1,77.3,52,8,1,"fundamentalist","no","no","no",1,3,3,NA,1,4,0,2,200,120
302,"female",56,1962,"White","no","White",13,2,1,57,52,3,1,"fundamentalist","yes","no","yes",7,7,NA,89.9,1,6,4,NA,160,120
303,"male",37,1981,"White","no","White",12,2,1,45.4,49,3,1,"moderate","no",NA,"no",2,4,2,NA,1,0,11,1,210,130
304,"female",52,1966,"White","no","White",20,1,3,80.7,65,1,1,"moderate","no","yes","no",3,2,3,81.02,3,3,0,2,230,120
305,"male",69,1949,"White","no","White",14,3,1,39.7,31,3,1,"liberal","yes","yes","yes",5,4,NA,76.61,1,2,4,NA,40,120
306,"male",34,1984,"other","yes","Latinx",12,2,3,84,73,3,6,"liberal","no",NA,"yes",4,2,3,NA,1,0,11,1,190,120
307,"male",25,1993,"White","no","White",17,0,4,84.5,74,7,1,"liberal","yes","no","yes",5,6,NA,81.4,3,0,6,NA,160,120
308,"male",33,1985,"other","yes","Latinx",8,0,4,37.6,36,0,6,"liberal","no","no","no",4,4,NA,87.05,1,0,11,NA,90,100
309,"female",45,1973,"White","no","White",12,2,3,37.2,55,0,1,"liberal","no","yes","yes",6,4,2,NA,1,5,0,2,140,110
310,"male",57,1961,"White","no","White",16,3,1,66.4,66,4,1,"liberal","no","yes","no",5,3,NA,71.62,4,4,10,NA,260,130
311,"male",77,1941,"White","no","White",14,3,3,57.3,43,7,1,"liberal","yes",NA,"yes",4,5,3,NA,1,5,12,4,0,120
312,"male",29,1989,"other","no","Other",16,3,4,87.9,60,4,1,"liberal","no",NA,"yes",3,4,3,NA,1,2,11,0,220,120
313,"male",58,1960,"White","no","White",18,0,2,89.3,75,3,3,"liberal","no","yes","no",1,1,NA,79.67,2,5,12,NA,260,130
314,"male",42,1976,"White","no","White",20,2,1,57.4,50,0,6,"liberal","yes","yes","no",3,3,NA,84.1,1,2,10,NA,230,120
315,"male",65,1953,"White","no","White",13,0,3,44.9,33,0,6,"liberal","no",NA,"yes",2,4,NA,NA,1,2,12,1,190,120
316,"female",25,1993,"AfricanAmerican","no","AfricanAmerican",16,0,4,25.7,38,7,1,"moderate","no","yes","no",5,5,NA,36.7,1,1,7,NA,160,120
317,"male",76,1942,"White","no","White",19,8,1,67.7,39,8,3,"liberal","no",NA,"yes",5,6,2,NA,1,2,9,0,0,120
318,"female",73,1945,"AfricanAmerican","no","AfricanAmerican",12,5,2,13.6,33,5,1,"fundamentalist","no","no","yes",2,5,2,65.89,1,0,0,4,0,120
319,"female",34,1984,"White","no","White",20,5,1,71.7,61,4,3,"liberal","no","no","yes",6,6,2,NA,1,3,0,0,210,120
320,"male",51,1967,"AfricanAmerican","no","AfricanAmerican",12,2,1,57.3,43,7,1,"moderate","no",NA,"no",1,6,1,NA,1,0,10,7,200,120
321,"female",78,1940,"White","no","White",14,3,1,28.6,48,0,2,"moderate","yes","no","yes",7,6,NA,57.78,3,6,11,NA,0,110
322,"male",53,1965,"AfricanAmerican","no","AfricanAmerican",12,3,1,28.5,26,3,1,"fundamentalist","no",NA,"no",3,2,3,NA,1,0,2,7,80,120
323,"male",83,1935,"AfricanAmerican","no","AfricanAmerican",11,7,1,14,27,0,1,"liberal","no",NA,"no",2,4,3,NA,1,2,4,2,60,120
324,"female",58,1960,"AfricanAmerican","no","AfricanAmerican",7,1,4,37.53,39,0,1,"fundamentalist","no","no","yes",2,6,NA,69.79,1,6,3,NA,0,90
325,"male",73,1945,"AfricanAmerican","no","AfricanAmerican",12,4,2,25.2,28,4,2,"moderate","no","no","yes",7,4,3,NA,1,3,0,7,0,100
326,"female",83,1935,"White","yes","Latinx",10,4,2,13.2,32,7,2,"moderate","no","no","yes",6,7,4,NA,1,10,0,2,0,20
327,"male",86,1932,"AfricanAmerican","no","AfricanAmerican",12,8,3,41.6,40,0,1,"liberal","no",NA,"no",3,4,2,NA,1,0,8,9,0,110
328,"female",70,1948,"other","no","Other",14,0,2,65.3,60,3,1,"fundamentalist","no","yes","no",1,4,NA,73.9,1,0,2,NA,0,110
329,"female",31,1987,"AfricanAmerican","no","AfricanAmerican",17,0,4,80.9,61,0,6,"liberal","no","no","no",2,2,3,NA,1,1,0,1,0,120
330,"female",24,1994,"AfricanAmerican","no","AfricanAmerican",16,0,4,38.8,47,7,1,"moderate","no","yes","no",2,3,NA,80.46,3,1,12,NA,40,120
331,"male",42,1976,"White","no","White",14,0,4,24.2,48,7,1,"liberal","no","yes","no",1,2,3,51.07,4,7,0,2,120,120
332,"female",34,1984,"White","no","White",16,0,1,91.1,75,2,2,"moderate","no","yes","no",2,2,NA,81.79,2,6,7,NA,230,130
333,"female",70,1948,"White","yes","Latinx",19,3,3,32.6,50,2,2,"moderate","no","no","no",4,4,1,NA,1,0,0,2,0,100
334,"female",37,1981,"White","no","White",12,2,4,47.66,44,0,1,"moderate","no","yes","yes",5,1,3,70.95,1,2,0,5,170,120
335,"male",70,1948,"White","no","White",18,2,1,92,66,6,1,"liberal","yes",NA,"yes",7,7,1,NA,1,0,12,1,200,120
336,"male",71,1947,"White","no","White",12,2,1,77.4,72,7,1,"liberal","yes",NA,"yes",6,4,2,NA,1,0,11,3,0,120
337,"female",26,1992,"White","no","White",16,0,4,45.3,17,2,1,"liberal","no","no","yes",6,5,2,49.06,3,3,0,1,170,120
338,"male",54,1964,"White","no","White",16,4,1,77.4,72,3,3,"liberal","no","no","no",1,3,NA,77.22,3,8,12,NA,260,130
339,"female",40,1978,"White","no","White",16,2,1,91.1,69,7,1,"liberal","no","yes","no",3,3,NA,75.93,3,4,11,NA,240,130
340,"female",56,1962,"White","no","White",16,0,3,56.9,49,0,2,"moderate","no","yes","yes",5,6,3,71.38,3,6,0,2,260,120
341,"male",60,1958,"White","no","White",20,3,2,56.8,44,7,2,"moderate","no","no","yes",6,6,NA,61.81,1,4,12,NA,240,120
342,"male",72,1946,"White","no","White",16,0,1,72.5,54,0,6,"liberal","no",NA,"no",4,4,NA,NA,1,0,12,4,30,110
343,"female",35,1983,"AfricanAmerican","yes","Latinx",16,2,1,77,55,7,1,"fundamentalist","no","no","no",4,5,NA,76.8,4,6,1,NA,240,130
344,"male",55,1963,"White","no","White",18,4,1,67.7,39,7,2,"moderate","no","no","no",7,6,1,78.39,4,8,0,0,260,130
345,"female",28,1990,"AfricanAmerican","no","AfricanAmerican",14,3,1,46.6,69,6,1,"fundamentalist","no",NA,"yes",1,2,1,NA,1,4,0,3,150,120
346,"female",77,1941,"White","no","White",13,5,3,31.6,35,0,2,"moderate","no","yes","yes",1,4,NA,91.16,1,2,11,NA,0,80
347,"female",30,1988,"AfricanAmerican","no","AfricanAmerican",12,2,4,28.7,51,3,1,"fundamentalist","no","no","no",1,4,2,NA,1,5,0,2,170,110
348,"female",67,1951,"White","no","White",12,3,2,38.8,47,7,1,"liberal","no",NA,"yes",3,4,1,NA,1,1,2,6,0,100
349,"female",53,1965,"AfricanAmerican","no","AfricanAmerican",12,0,4,20.8,39,2,1,"moderate","no",NA,"yes",2,4,1,NA,1,0,11,7,0,100
350,"female",37,1981,"AfricanAmerican","no","AfricanAmerican",15,4,1,44.6,36,8,1,"moderate","no","yes","yes",2,5,NA,49.42,5,2,11,NA,10,120
351,"female",51,1967,"AfricanAmerican","no","AfricanAmerican",14,1,1,67.7,39,4,6,"liberal","no","no","no",3,4,2,NA,1,0,0,2,260,130
352,"female",35,1983,"AfricanAmerican","no","AfricanAmerican",12,8,1,20.1,48,0,1,"moderate","no",NA,"yes",4,4,2,NA,1,0,7,2,90,110
353,"female",60,1958,"White","no","White",20,2,1,73.9,53,6,1,"fundamentalist","yes","no","yes",5,4,NA,68.33,3,2,12,NA,0,110
354,"male",68,1950,"other","no","Other",16,1,1,87.9,60,2,6,"liberal","no",NA,"yes",2,4,3,NA,1,1,3,5,230,120
355,"male",43,1975,"White","no","White",20,2,1,80.7,65,7,6,"liberal","no",NA,"no",1,2,4,NA,1,2,12,1,230,130
356,"female",36,1982,"other","yes","Latinx",12,6,1,28.7,51,4,2,"moderate","no","no","no",1,4,NA,87.44,1,3,7,NA,0,120
357,"female",34,1984,"AfricanAmerican","no","AfricanAmerican",9,2,4,21.8,35,2,1,"moderate","no","yes","yes",1,6,NA,30.35,1,1,11,NA,80,90
358,"male",39,1979,"AfricanAmerican","no","AfricanAmerican",18,3,1,55.1,43,7,1,"moderate","no","no","no",4,6,3,82.36,3,4,0,1,220,120
359,"male",52,1966,"White","no","White",14,1,4,77.4,72,2,1,"liberal","yes",NA,"no",7,5,1,NA,1,3,9,3,210,120
360,"male",70,1948,"White","no","White",12,0,3,39.7,31,3,1,"fundamentalist","yes","no","yes",5,6,NA,70.64,1,6,7,NA,190,120
361,"male",60,1958,"White","no","White",12,4,1,53.6,56,7,1,"moderate","no","no","yes",7,7,2,92.69,3,3,0,2,0,110
362,"female",61,1957,"White","no","White",13,2,1,76.3,60,0,1,"moderate","yes",NA,"yes",4,4,NA,NA,1,1,5,3,0,120
363,"female",32,1986,"White","no","White",14,2,1,18.6,37,7,1,"moderate","no","yes","no",6,4,2,NA,1,1,0,1,0,120
364,"female",40,1978,"White","no","White",16,3,3,52,46,0,2,"moderate","no",NA,"yes",6,5,4,NA,1,4,12,1,160,120
365,"male",44,1974,"White","yes","Latinx",17,2,3,38.8,45,4,1,"liberal","yes","yes","yes",7,5,NA,56.71,4,2,12,NA,210,120
366,"female",67,1951,"AfricanAmerican","no","AfricanAmerican",6,1,3,33.2,37,7,1,"fundamentalist","no","no","no",1,4,NA,69.41,4,5,12,NA,0,100
367,"female",70,1948,"White","no","White",16,0,4,84.5,74,2,1,"liberal","no",NA,"no",1,2,2,NA,1,0,12,0,240,120
368,"female",27,1991,"White","no","White",16,0,4,80.7,65,0,2,"moderate","no","yes","yes",3,3,NA,80.38,2,3,8,NA,210,120
369,"female",30,1988,"White","no","White",18,0,1,92.2,72,1,6,"liberal","no","yes","yes",3,5,4,NA,1,7,0,0,220,130
370,"male",61,1957,"White","no","White",16,2,1,77.4,72,2,1,"liberal","no",NA,"no",5,4,2,NA,1,0,12,8,260,130
371,"male",30,1988,"White","no","White",16,0,4,77.4,72,4,2,"moderate","no",NA,"yes",6,5,2,NA,1,0,12,1,260,120
372,"male",38,1980,"White","no","White",16,0,1,89.1,62,3,6,"liberal","no","yes","no",1,2,NA,68.83,3,3,12,NA,220,130
373,"female",27,1991,"White","no","White",16,0,4,59.1,53,0,2,"moderate","no",NA,"no",1,2,3,NA,1,0,12,1,210,120
374,"female",67,1951,"White","no","White",15,4,1,63.7,51,2,2,"moderate","no","yes","yes",2,5,3,NA,1,3,0,5,0,110
375,"male",45,1973,"White","no","White",16,2,3,44.6,36,0,6,"liberal","yes",NA,"yes",6,5,2,NA,1,1,12,3,160,120
376,"female",68,1950,"White","no","White",14,0,1,59.1,53,1,2,"moderate","yes","yes","yes",3,4,NA,70.23,1,0,8,NA,190,120
377,"female",18,2000,"White","no","White",14,0,4,24.2,48,2,2,"moderate","no","yes","no",3,2,3,NA,1,5,0,1,50,120
378,"female",77,1941,"White","no","White",14,2,2,79.3,63,7,2,"moderate","yes",NA,"no",4,4,NA,NA,1,0,12,2,0,110
379,"female",78,1940,"White","no","White",16,3,2,25.7,38,3,1,"liberal","yes",NA,"no",5,5,4,NA,1,3,12,2,0,120
380,"female",61,1957,"White","no","White",16,2,1,71.4,62,3,6,"liberal","no","yes","no",1,2,3,NA,1,3,0,2,0,120
381,"male",72,1946,"White","no","White",12,2,1,70.4,55,2,1,"liberal","no","yes","yes",4,4,3,NA,1,1,0,3,10,120
382,"female",89,1929,"White","no","White",12,5,2,47.45,46,0,2,"moderate","no","no","no",6,4,NA,80.85,2,6,4,NA,10,100
383,"female",75,1943,"White","no","White",19,3,2,80.9,61,6,1,"liberal","no",NA,"yes",3,2,4,NA,1,4,10,2,0,120
384,"male",48,1970,"other","no","Other",15,1,1,88,63,0,6,"liberal","no","no","yes",2,2,NA,52.18,3,6,6,NA,170,120
385,"female",48,1970,"White","no","White",16,3,1,91.1,69,5,2,"moderate","no",NA,"no",1,2,4,NA,1,1,12,1,220,130
386,"female",41,1977,"White","no","White",16,0,4,45.3,17,2,3,"liberal","no",NA,"no",1,1,4,NA,1,0,12,4,190,120
387,"female",30,1988,"White","no","White",16,0,4,80.7,65,3,1,"fundamentalist","no","yes","no",4,4,3,61.48,5,6,0,1,200,120
388,"female",29,1989,"White","no","White",20,0,4,84.5,74,3,1,"liberal","no",NA,"yes",4,4,3,NA,1,1,12,0,170,120
389,"male",38,1980,"AfricanAmerican","no","AfricanAmerican",14,0,1,28.7,44,6,2,"moderate","no","no","no",1,3,NA,86.98,1,1,10,NA,130,110
390,"female",76,1942,"AfricanAmerican","no","AfricanAmerican",14,7,2,80.9,61,8,1,"none","no","no","no",4,4,2,NA,1,6,0,3,0,110
391,"female",55,1963,"other","no","Other",13,2,3,23.3,25,0,1,"fundamentalist","no","no","no",4,4,NA,59.53,5,0,10,NA,0,120
392,"male",28,1990,"White","no","White",18,0,4,80.2,53,2,6,"liberal","no","yes","no",1,3,2,80.13,1,2,0,1,0,90
394,"female",24,1994,"other","no","Other",17,0,4,84.5,74,0,6,"liberal","no","yes","yes",3,1,NA,63.03,1,4,10,NA,0,70
395,"male",34,1984,"White","no","White",0,0,1,70.5,48,1,5,"none","no",NA,"no",2,2,3,NA,1,0,12,0,210,120
396,"female",77,1941,"White","no","White",16,3,1,43,38,5,1,"liberal","yes","no","no",7,6,NA,89.72,4,9,12,NA,50,110
397,"male",89,1929,"White","no","White",12,0,4,69.3,53,7,1,"liberal","no","no","yes",5,6,3,51.61,4,5,0,6,0,120
398,"male",69,1949,"White","no","White",19,2,1,79.3,63,5,1,"liberal","no","yes","no",1,1,4,NA,1,3,0,1,230,120
399,"male",70,1948,"White","no","White",12,2,3,83.8,70,0,6,"liberal","yes",NA,"no",3,4,4,NA,1,0,11,2,150,120
400,"female",71,1947,"White","no","White",16,4,1,65.3,47,2,2,"moderate","no",NA,"yes",4,4,4,NA,1,5,9,3,0,120
401,"male",34,1984,"White","no","White",16,0,4,43,38,3,1,"fundamentalist","no","yes","no",4,3,2,NA,1,4,0,0,150,120
402,"female",77,1941,"other","yes","Latinx",12,0,4,42.42,43,0,2,"moderate","no","no","no",4,5,2,78.26,1,3,0,7,0,100
403,"female",20,1998,"White","no","White",12,0,4,19.6,31,5,2,"moderate","no","yes","no",4,4,NA,91.32,3,7,8,NA,20,100
404,"female",38,1980,"White","yes","Latinx",3,2,1,14.8,22,7,1,"moderate","no","no","yes",6,1,3,81.99,2,10,0,1,0,40
405,"female",29,1989,"White","no","White",12,4,4,26.8,25,2,2,"moderate","no",NA,"yes",5,4,2,NA,1,0,2,1,0,120
406,"male",69,1949,"White","no","White",15,2,1,25,35,2,2,"moderate","no","no","yes",5,6,2,NA,1,0,0,3,0,120
407,"female",36,1982,"White","no","White",11,4,4,24.2,48,4,2,"moderate","no",NA,"yes",3,6,2,NA,1,2,12,2,0,100
408,"female",43,1975,"other","yes","Latinx",14,3,1,62.9,54,2,1,"fundamentalist","no","no","no",4,6,4,91.9,1,5,0,0,120,120
409,"female",64,1954,"White","no","White",13,3,3,24.2,48,0,2,"moderate","no","yes","yes",4,2,3,NA,1,5,0,9,0,80
410,"male",53,1965,"White","no","White",13,3,1,28.4,38,2,1,"moderate","yes",NA,"yes",5,5,1,NA,1,0,11,2,180,120
411,"female",69,1949,"White","no","White",15,2,1,21.8,35,8,2,"moderate","no","no","no",4,6,2,NA,1,2,0,3,0,110
412,"female",39,1979,"White","no","White",10,3,3,24.2,48,0,1,"moderate","no",NA,"yes",2,4,2,NA,1,0,8,2,0,110
413,"male",57,1961,"White","no","White",14,2,1,73.9,53,0,2,"moderate","no",NA,"no",4,4,3,NA,1,0,4,2,130,120
414,"female",63,1955,"White","no","White",15,1,1,84.2,64,4,1,"moderate","no","no","yes",7,6,2,NA,1,3,0,3,220,120
415,"female",75,1943,"White","no","White",8,1,4,49.64,46,5,1,"none","no","no","no",4,4,3,81.05,1,0,0,7,0,100
416,"male",32,1986,"White","no","White",16,2,1,77,57,1,6,"liberal","no",NA,"yes",3,4,4,NA,1,2,9,2,260,130
417,"male",46,1972,"White","no","White",13,2,3,35.3,42,0,6,"liberal","no","yes","yes",4,4,NA,81.2,1,3,9,NA,190,120
418,"male",41,1977,"White","no","White",12,3,3,31.2,45,1,2,"moderate","yes","yes","yes",4,4,NA,69.59,1,2,7,NA,180,120
420,"female",49,1969,"White","no","White",16,2,3,62.9,54,1,2,"moderate","no",NA,"no",3,3,3,NA,1,1,12,2,190,120
421,"male",65,1953,"White","no","White",13,2,1,35.2,48,0,6,"liberal","no","yes","yes",7,7,3,NA,1,5,0,4,0,110
422,"female",59,1959,"White","no","White",14,1,1,69.4,47,1,2,"moderate","no","yes","no",2,3,NA,78.8,3,7,10,NA,210,120
423,"male",47,1971,"White","no","White",12,2,3,26.8,35,3,2,"moderate","no","yes","yes",5,4,2,71.01,4,0,0,6,200,120
424,"female",27,1991,"other","no","Other",13,1,4,37.2,55,2,5,"none","no","yes","yes",2,4,NA,60.69,1,0,8,NA,80,100
426,"female",74,1944,"White","no","White",20,1,1,71.7,61,7,2,"moderate","no","yes","no",5,5,NA,80.78,5,6,12,NA,60,120
427,"female",51,1967,"White","no","White",18,2,1,78.3,51,8,1,"none","no","no","yes",6,6,2,NA,1,2,0,2,30,10
428,"male",44,1974,"other","no","Other",20,2,1,81.9,58,0,6,"liberal","no",NA,"yes",2,2,3,NA,1,1,10,1,260,130
429,"female",46,1972,"White","no","White",16,0,3,67.7,39,1,6,"liberal","no","yes","no",1,1,3,76.13,3,5,0,3,200,120
430,"female",42,1976,"other","yes","Latinx",12,3,1,12.6,25,7,1,"fundamentalist","no",NA,"yes",2,4,3,NA,1,5,2,1,180,120
431,"female",65,1953,"White","no","White",16,2,3,38.8,47,2,2,"moderate","no","no","no",1,6,NA,77.4,4,3,5,NA,240,120
432,"male",36,1982,"White","no","White",16,2,1,68.6,50,5,1,"moderate","yes","yes","yes",6,5,NA,77.6,3,2,11,NA,260,130
433,"female",80,1938,"White","no","White",18,5,2,84.5,74,7,1,"moderate","no","no","no",1,4,3,92.42,4,5,0,4,0,120
434,"female",32,1986,"other","no","Other",16,0,1,37.2,49,5,1,"moderate","no","no","no",4,2,3,69.14,3,0,0,1,110,120
435,"male",89,1929,"White","no","White",5,3,2,18.6,37,0,2,"moderate","no",NA,"yes",1,2,3,NA,1,5,2,6,0,100
436,"female",40,1978,"other","no","Other",16,2,1,64.9,59,3,2,"moderate","no",NA,"yes",4,4,1,NA,1,0,8,3,0,110
437,"female",88,1930,"White","no","White",12,0,2,38.8,47,0,1,"liberal","no",NA,"no",1,2,3,NA,1,1,10,3,0,120
438,"female",59,1959,"White","no","White",16,2,1,39.7,31,3,1,"liberal","yes","no","yes",7,6,NA,88.42,3,0,12,NA,80,110
439,"female",55,1963,"White","no","White",18,2,1,54.13,49,0,2,"moderate","no","no","yes",5,4,4,NA,1,5,0,0,260,120
440,"female",31,1987,"AfricanAmerican","no","AfricanAmerican",14,0,4,43,38,2,1,"moderate","no","yes","no",5,4,NA,58.33,3,2,8,NA,170,120
441,"male",31,1987,"other","no","Other",18,0,1,28.5,26,2,5,"none","no","no","no",3,2,NA,60.16,3,4,2,NA,140,110
442,"female",35,1983,"White","yes","Latinx",16,1,1,67.7,39,2,6,"liberal","no","no","no",1,4,NA,68.58,2,0,7,NA,190,120
443,"female",32,1986,"other","no","Other",17,0,4,67.7,39,0,6,"liberal","no","yes","no",4,2,3,60.41,3,1,0,1,110,110
444,"female",48,1970,"other","yes","Latinx",12,5,1,15.8,26,2,4,"none","no",NA,"no",1,2,3,NA,1,2,8,3,0,120
445,"female",24,1994,"AfricanAmerican","yes","Latinx",12,1,1,13.6,33,0,2,"moderate","no","yes","no",4,4,NA,59.24,1,0,3,NA,0,120
446,"male",22,1996,"other","no","Other",12,0,4,43,38,7,1,"liberal","no","yes","yes",5,4,2,NA,1,6,0,4,190,120
447,"female",37,1981,"other","no","Other",16,1,4,12.6,25,7,2,"moderate","no","no","no",2,6,NA,71.94,3,2,3,NA,160,120
448,"female",34,1984,"AfricanAmerican","no","AfricanAmerican",16,0,4,84.2,64,0,6,"liberal","no",NA,"no",3,2,3,NA,1,0,5,0,250,120
449,"female",89,1929,"White","no","White",12,1,2,38.3,45,0,1,"none","no","no","no",2,4,NA,70.76,1,1,11,NA,0,100
450,"female",55,1963,"AfricanAmerican","no","AfricanAmerican",0,5,4,24.2,48,2,2,"moderate","no","yes","no",2,4,1,NA,1,3,0,8,0,100
451,"male",46,1972,"AfricanAmerican","no","AfricanAmerican",12,4,4,23.7,35,0,6,"none","no",NA,"no",1,3,2,NA,1,1,7,2,190,120
452,"female",29,1989,"White","yes","Latinx",17,0,1,73.9,53,0,6,"liberal","no","yes","no",2,2,NA,79.47,1,0,10,NA,160,120
453,"female",83,1935,"other","no","Other",12,4,2,24.2,48,2,6,"liberal","no","no","no",4,3,2,81.99,3,1,0,4,0,120
454,"female",33,1985,"White","yes","Latinx",16,0,4,80.9,61,1,1,"moderate","no","yes","yes",1,3,NA,81.38,1,6,12,NA,190,120
455,"female",46,1972,"AfricanAmerican","yes","Latinx",18,3,3,67.7,39,7,1,"fundamentalist","no",NA,"no",1,2,2,NA,1,2,12,1,220,120
456,"male",19,1999,"other","yes","Latinx",13,0,4,36.68,39,6,2,"moderate","no",NA,"no",2,3,2,NA,1,1,9,1,0,120
457,"male",65,1953,"AfricanAmerican","no","AfricanAmerican",19,5,3,73.5,58,0,6,"liberal","yes","yes","no",3,4,NA,67.9,1,3,10,NA,0,120
458,"female",37,1981,"other","no","Other",16,1,1,76.3,60,0,6,"liberal","no","no","yes",6,1,NA,65.9,1,8,5,NA,0,110
459,"female",64,1954,"White","no","White",12,2,1,46.2,33,7,1,"fundamentalist","no",NA,"yes",4,6,2,NA,1,1,5,4,0,120
460,"female",22,1996,"White","no","White",14,0,1,22.1,16,6,1,"fundamentalist","no","no","no",2,5,1,78.44,4,10,0,10,0,120
461,"male",28,1990,"White","no","White",16,0,1,38.8,47,2,6,"liberal","no","yes","no",1,2,NA,77.35,3,1,10,NA,210,120
462,"female",24,1994,"other","no","Other",17,0,4,84.2,64,3,2,"moderate","yes","yes","yes",5,5,NA,69.13,3,2,9,NA,80,120
463,"male",43,1975,"White","no","White",15,0,1,64.5,48,0,6,"liberal","yes","yes","yes",4,4,NA,68.57,2,5,7,NA,210,120
464,"male",32,1986,"White","no","White",16,1,4,21.6,28,2,6,"liberal","no","yes","no",3,2,3,NA,1,1,0,4,170,120
465,"female",76,1942,"White","no","White",16,3,1,56.8,44,8,1,"liberal","no",NA,"no",3,4,3,NA,1,1,10,5,0,110
466,"female",21,1997,"White","yes","Latinx",14,0,4,25.4,23,5,1,"moderate","no","yes","no",4,4,NA,70.63,2,3,9,NA,70,120
467,"female",48,1970,"other","yes","Latinx",14,2,1,24.2,48,0,2,"moderate","no","no","yes",2,4,2,75.32,4,0,0,1,200,120
468,"male",76,1942,"White","no","White",15,2,1,57.5,48,5,1,"liberal","no","yes","yes",6,5,3,77.2,4,1,0,6,0,110
469,"female",55,1963,"White","no","White",16,0,1,69.3,53,1,1,"moderate","yes",NA,"yes",5,5,3,NA,1,0,12,3,210,130
470,"female",70,1948,"White","no","White",14,1,3,38.8,47,0,2,"moderate","no","yes","yes",4,5,2,NA,1,0,0,4,160,120
471,"female",66,1952,"White","no","White",18,3,3,26.1,48,5,1,"fundamentalist","no",NA,"no",1,1,4,NA,1,2,12,0,0,120
472,"female",37,1981,"other","yes","Latinx",19,1,3,62.9,54,7,1,"fundamentalist","no","no","yes",2,4,NA,80.12,5,2,11,NA,160,120
473,"female",70,1948,"White","no","White",16,2,1,60.3,52,6,1,"liberal","yes",NA,"no",1,2,2,NA,1,1,11,2,0,120
474,"male",43,1975,"White","yes","Latinx",18,0,1,65.3,47,2,2,"moderate","no","no","yes",2,3,NA,77.78,1,0,4,NA,230,120
475,"female",19,1999,"other","yes","Latinx",9,1,4,35.21,38,0,6,"liberal","no","yes","no",4,4,NA,60.96,1,4,4,NA,0,80
476,"male",70,1948,"White","no","White",15,3,1,65.1,59,7,1,"fundamentalist","no","no","no",1,4,3,77.65,5,7,0,4,0,120
477,"female",40,1978,"White","no","White",18,0,1,59.1,38,0,6,"liberal","yes","yes","yes",3,2,NA,79.14,5,5,12,NA,210,120
478,"male",59,1959,"other","no","Other",20,2,1,31.2,45,6,4,"none","no","no","no",2,3,2,NA,1,6,0,2,30,120
479,"female",70,1948,"White","no","White",12,3,1,25.7,38,3,1,"moderate","yes",NA,"yes",7,4,1,NA,1,0,6,5,0,120
480,"male",31,1987,"White","no","White",13,0,4,19.6,31,2,6,"liberal","no","yes","yes",3,3,NA,58.84,1,1,8,NA,140,120
481,"female",51,1967,"other","no","Other",18,0,4,84.2,64,7,1,"moderate","no","no","no",6,5,1,80.77,5,3,0,2,210,120
482,"female",32,1986,"AfricanAmerican","no","AfricanAmerican",15,0,1,20.1,30,0,6,"liberal","no","yes","no",3,1,4,NA,1,0,0,2,120,120
483,"female",60,1958,"White","no","White",12,2,1,62.1,45,2,1,"fundamentalist","yes",NA,"yes",4,4,1,NA,1,0,7,5,80,120
484,"male",27,1991,"White","no","White",12,0,4,58.4,45,0,6,"liberal","yes","yes","yes",5,4,NA,72.55,1,3,8,NA,120,120
485,"male",89,1929,"White","no","White",16,2,2,89.1,62,7,1,"fundamentalist","yes",NA,"yes",5,6,2,NA,1,0,11,1,0,120
486,"female",50,1968,"AfricanAmerican","no","AfricanAmerican",11,5,3,84.2,64,4,1,"fundamentalist","yes","yes","yes",1,5,NA,72.23,2,4,12,NA,0,110
487,"female",44,1974,"AfricanAmerican","no","AfricanAmerican",16,6,4,23.3,25,3,1,"fundamentalist","no",NA,"yes",1,5,3,NA,1,2,5,6,160,120
488,"female",85,1933,"White","no","White",12,4,2,50,45,2,1,"fundamentalist","no","no","no",3,4,1,79.7,1,3,0,8,0,120
489,"male",33,1985,"White","yes","Latinx",12,3,1,23.3,25,2,2,"moderate","no","yes","no",3,3,2,NA,1,0,0,1,160,120
490,"female",31,1987,"White","yes","Latinx",14,1,4,37.6,31,7,1,"moderate","no","no","yes",1,3,NA,91.12,1,0,0,NA,0,100
491,"female",46,1972,"White","no","White",16,2,1,52,46,3,1,"moderate","no","no","yes",6,6,1,90.18,2,6,0,1,250,130
492,"male",72,1946,"White","no","White",16,3,1,91.1,69,5,1,"liberal","no","no","no",1,1,NA,82.36,2,6,12,NA,260,130
493,"female",50,1968,"White","no","White",20,2,3,39.9,46,5,1,"liberal","no","yes","no",1,2,NA,79.99,4,3,12,NA,210,120
494,"male",66,1952,"White","no","White",20,2,1,69.3,53,5,1,"liberal","yes","no","yes",7,6,NA,90.02,3,3,12,NA,0,110
495,"female",35,1983,"White","no","White",17,0,4,84.2,64,8,1,"fundamentalist","no","yes","yes",7,7,NA,70.09,3,7,5,NA,180,120
496,"female",35,1983,"AfricanAmerican","no","AfricanAmerican",11,2,4,38.1,39,7,1,"moderate","no",NA,"no",1,4,1,NA,1,2,8,4,0,100
497,"female",33,1985,"AfricanAmerican","no","AfricanAmerican",13,1,4,14.8,22,3,1,"fundamentalist","no","yes","no",5,4,NA,90.08,1,8,8,NA,0,120
498,"female",66,1952,"White","no","White",6,5,3,12.6,25,2,2,"moderate","no","no","yes",4,2,NA,31.71,1,5,6,NA,0,30
499,"male",53,1965,"White","yes","Latinx",10,5,1,20.7,24,3,2,"moderate","no","yes","no",4,5,3,NA,1,0,0,0,160,110
501,"male",33,1985,"White","no","White",12,0,1,26.2,32,0,6,"liberal","no","yes","no",3,4,1,NA,1,0,0,2,210,120
502,"male",28,1990,"AfricanAmerican","no","AfricanAmerican",16,2,1,79.3,63,5,2,"moderate","yes",NA,"no",3,3,1,NA,1,0,11,3,190,120
503,"female",30,1988,"White","no","White",16,1,1,77,55,6,1,"fundamentalist","yes","yes","no",6,5,NA,81.27,3,1,12,NA,0,120
504,"male",37,1981,"White","no","White",11,1,1,77.9,44,1,6,"liberal","yes","yes","yes",5,6,NA,94.24,2,2,9,NA,0,120
505,"male",38,1980,"other","no","Other",16,0,1,71.8,55,0,6,"liberal","no","yes","yes",2,2,2,NA,1,2,0,4,210,120
506,"male",84,1934,"White","no","White",14,2,1,38.2,32,0,1,"moderate","yes","no","no",7,3,NA,81.51,1,5,2,NA,0,120
507,"male",66,1952,"White","no","White",17,2,1,56.8,44,7,1,"liberal","no","no","no",4,5,3,81.71,3,3,0,2,200,120
508,"female",29,1989,"other","no","Other",16,0,1,80.7,65,5,4,"none","no",NA,"no",2,4,3,NA,1,0,5,3,190,120
509,"male",39,1979,"White","no","White",17,1,1,78.3,51,0,6,"liberal","yes","yes","no",3,2,NA,82.84,3,3,10,NA,230,130
510,"female",33,1985,"AfricanAmerican","no","AfricanAmerican",16,2,1,76.3,60,7,1,"moderate","no","no","no",3,4,2,NA,1,2,0,1,220,120
511,"female",68,1950,"other","no","Other",18,0,2,79.3,63,7,2,"moderate","no","no","yes",3,4,NA,59.51,4,4,4,NA,180,120
512,"female",70,1948,"White","no","White",16,2,1,61.2,43,5,1,"liberal","yes",NA,"yes",4,5,2,NA,1,4,10,1,80,120
513,"male",50,1968,"White","no","White",16,2,1,84.5,74,3,5,"none","no",NA,"no",4,4,2,NA,1,2,11,0,0,120
514,"male",54,1964,"White","no","White",17,2,1,70.5,48,2,3,"liberal","yes",NA,"yes",4,4,2,NA,1,5,12,3,250,120
515,"male",45,1973,"White","no","White",16,2,1,62.1,45,2,2,"moderate","yes",NA,"yes",6,5,3,NA,1,3,12,3,0,110
516,"female",48,1970,"White","no","White",14,1,1,56.9,49,3,1,"fundamentalist","yes","no","yes",6,4,NA,81.14,4,6,10,NA,100,120
517,"male",73,1945,"White","no","White",16,2,1,57.8,47,3,1,"moderate","no","no","yes",6,4,NA,80.28,2,8,12,NA,0,120
518,"female",77,1941,"White","no","White",18,1,1,82.5,64,0,1,"liberal","no",NA,"no",2,2,3,NA,1,2,10,2,0,120
519,"female",59,1959,"White","no","White",16,1,2,69.3,53,8,1,"liberal","no","yes","yes",2,4,NA,71.77,3,8,11,NA,230,120
520,"male",72,1946,"White","no","White",12,2,1,54.3,48,3,1,"liberal","no","yes","yes",7,3,1,77.82,1,3,0,6,150,120
521,"male",68,1950,"White","no","White",18,6,1,83.8,70,7,1,"fundamentalist","yes","no","yes",6,6,NA,86.87,3,5,12,NA,0,120
522,"female",60,1958,"White","no","White",12,1,1,38.8,47,8,1,"fundamentalist","no","no","no",7,5,2,NA,1,1,0,2,110,120
523,"male",63,1955,"White","no","White",12,3,1,28.4,38,4,1,"liberal","no","no","yes",4,7,1,90.34,3,1,0,1,190,120
524,"male",45,1973,"White","no","White",14,0,4,32,35,2,1,"fundamentalist","yes",NA,"no",4,4,2,NA,1,2,8,4,100,100
525,"female",35,1983,"White","no","White",13,4,1,39.7,31,0,1,"moderate","yes","yes","yes",6,5,NA,80.74,1,0,12,NA,260,130
527,"female",36,1982,"White","no","White",12,3,1,14,27,8,1,"moderate","yes",NA,"no",4,4,1,NA,1,1,11,1,70,110
528,"female",76,1942,"White","no","White",13,4,2,17,34,5,1,"fundamentalist","no","yes","yes",6,4,1,72.8,1,0,0,2,10,80
529,"female",61,1957,"White","no","White",12,2,1,27,38,5,1,"fundamentalist","yes",NA,"yes",6,5,2,NA,1,2,12,5,0,120
530,"female",56,1962,"White","no","White",12,1,3,57.5,48,2,1,"moderate","no","yes","yes",3,4,NA,69.98,2,0,12,NA,190,120
531,"female",26,1992,"AfricanAmerican","no","AfricanAmerican",12,0,4,39.7,31,7,1,"fundamentalist","no",NA,"yes",1,5,1,NA,1,4,4,4,20,30
532,"male",59,1959,"AfricanAmerican","no","AfricanAmerican",13,6,3,32,35,3,1,"liberal","no","no","yes",1,3,2,NA,1,3,0,5,0,90
533,"male",55,1963,"AfricanAmerican","no","AfricanAmerican",12,1,4,60.5,61,4,1,"moderate","no","no","yes",3,3,1,91.68,3,1,0,4,180,120
534,"male",57,1961,"White","no","White",18,2,1,73.9,53,4,1,"liberal","yes","yes","yes",7,6,NA,84.92,3,6,11,NA,220,120
535,"female",59,1959,"White","no","White",14,3,1,41.4,60,4,2,"moderate","yes",NA,"yes",7,3,3,NA,1,4,10,1,0,110
536,"female",33,1985,"White","no","White",14,0,1,84.5,74,8,1,"moderate","yes","no","no",4,7,NA,90.46,4,2,7,NA,80,110
537,"female",75,1943,"other","yes","Latinx",2,6,2,20.7,24,0,2,"moderate","no","no","yes",4,4,1,89.24,1,3,0,1,0,10
538,"male",61,1957,"White","no","White",18,2,1,64.2,53,7,1,"fundamentalist","yes",NA,"yes",6,6,1,NA,1,2,6,2,210,130
539,"female",39,1979,"White","no","White",13,3,1,62.1,49,7,1,"moderate","yes","no","yes",5,4,NA,82.72,3,4,7,NA,160,120
540,"female",38,1980,"White","yes","Latinx",12,2,1,25.7,38,3,1,"none","yes",NA,"yes",5,4,1,NA,1,1,8,0,160,120
541,"female",49,1969,"White","no","White",17,2,3,89.3,75,4,1,"moderate","no","yes","no",3,2,NA,37.76,2,10,12,NA,220,120
542,"male",71,1947,"White","no","White",16,2,1,66.4,66,7,1,"fundamentalist","no","yes","no",5,4,2,81.38,5,4,0,0,0,110
543,"male",47,1971,"AfricanAmerican","no","AfricanAmerican",16,0,4,66.4,66,4,1,"fundamentalist","yes",NA,"yes",1,4,3,NA,1,0,9,1,220,120
544,"male",52,1966,"other","yes","Latinx",13,4,1,35.3,42,5,6,"liberal","no","yes","yes",3,4,NA,80.89,2,4,3,NA,210,120
545,"female",35,1983,"White","no","White",17,2,3,84.2,64,0,1,"fundamentalist","no","no","yes",4,2,2,NA,1,3,0,5,200,120
546,"female",54,1964,"White","no","White",12,2,1,55.04,49,0,1,"fundamentalist","yes","yes","yes",7,3,NA,90.45,1,1,5,NA,0,120
547,"female",39,1979,"White","no","White",12,3,1,57.5,48,0,5,"none","no",NA,"yes",6,4,1,NA,1,3,8,1,0,110
548,"male",70,1948,"AfricanAmerican","no","AfricanAmerican",11,2,4,26.1,36,7,6,"liberal","yes",NA,"no",2,5,3,NA,1,4,6,2,0,100
549,"female",78,1940,"AfricanAmerican","no","AfricanAmerican",12,4,2,20.1,48,5,1,"moderate","no",NA,"no",1,5,2,NA,1,4,2,6,0,10
550,"female",74,1944,"White","no","White",20,2,3,75.5,59,4,1,"liberal","no",NA,"yes",3,3,3,NA,1,1,12,2,0,120
551,"male",65,1953,"White","no","White",16,2,1,73.6,67,8,2,"moderate","yes",NA,"no",4,4,3,NA,1,2,12,2,130,120
552,"male",61,1957,"White","no","White",13,1,3,61.2,43,1,3,"liberal","no","yes","yes",2,2,2,NA,1,4,0,2,260,120
553,"female",53,1965,"White","no","White",16,2,1,73.9,53,7,2,"moderate","no",NA,"yes",6,4,2,NA,1,2,11,3,220,120
554,"female",21,1997,"other","no","Other",12,0,4,39.7,31,7,1,"moderate","no","yes","yes",2,4,NA,89.27,1,6,6,NA,60,120
555,"female",41,1977,"White","yes","Latinx",17,2,1,84.2,64,7,2,"moderate","no","no","no",4,4,3,NA,1,6,0,1,0,120
556,"female",62,1956,"White","no","White",14,4,1,21.6,28,2,6,"liberal","no",NA,"yes",7,6,2,NA,1,0,4,4,90,120
557,"male",71,1947,"White","no","White",16,3,1,71.8,64,7,2,"moderate","no","no","yes",6,6,2,89.05,1,1,0,6,0,110
558,"male",89,1929,"White","no","White",16,2,2,35.8,32,7,1,"liberal","no","yes","no",2,4,NA,67.92,3,2,9,NA,0,110
559,"male",66,1952,"White","no","White",17,3,1,76.3,60,2,2,"moderate","no","yes","yes",2,3,3,68.98,5,2,0,2,190,120
560,"male",28,1990,"White","no","White",16,0,4,72.7,58,0,6,"liberal","no","yes","no",1,2,NA,70.82,1,4,10,NA,190,120
561,"female",85,1933,"White","no","White",17,2,2,80.9,61,7,1,"liberal","no","no","yes",1,4,3,NA,1,4,0,5,0,120
562,"male",70,1948,"White","no","White",12,2,1,40.4,31,0,2,"moderate","no","no","yes",1,4,2,NA,1,10,0,6,30,120
563,"female",29,1989,"other","no","Other",16,0,4,87.9,60,7,6,"liberal","no",NA,"no",4,4,2,NA,1,1,1,1,200,120
564,"male",39,1979,"other","no","Other",16,2,1,69.3,53,3,6,"none","no",NA,"no",4,4,3,NA,1,2,9,1,210,120
565,"male",28,1990,"White","no","White",16,0,4,43,38,0,2,"moderate","no","yes","yes",2,3,NA,71.08,2,4,12,NA,130,120
566,"female",74,1944,"White","no","White",16,2,2,61.4,55,6,1,"liberal","no","no","no",1,2,NA,76.83,4,4,12,NA,0,120
567,"female",53,1965,"White","no","White",16,2,1,56.8,44,3,2,"moderate","no","no","yes",2,5,2,NA,1,4,0,2,170,120
568,"male",66,1952,"White","no","White",20,2,3,91.1,69,0,6,"liberal","no",NA,"yes",1,1,4,NA,1,1,12,0,0,120
569,"male",67,1951,"White","no","White",16,3,1,62,45,3,1,"liberal","no","yes","yes",3,4,3,80.43,3,2,0,2,250,130
571,"female",28,1990,"White","no","White",20,0,4,85.8,73,0,6,"liberal","no","yes","no",1,2,4,NA,1,1,0,0,0,120
572,"female",23,1995,"White","no","White",16,0,4,67.7,39,1,1,"moderate","no","yes","no",6,4,NA,70.63,2,2,11,NA,160,120
573,"male",37,1981,"White","no","White",20,0,1,59.8,45,0,6,"liberal","no","yes","no",1,1,3,72.92,2,4,0,1,210,120
574,"male",27,1991,"AfricanAmerican","no","AfricanAmerican",12,0,4,32,35,0,6,"liberal","no","yes","yes",2,4,NA,73.04,1,7,10,NA,200,120
575,"female",32,1986,"AfricanAmerican","no","AfricanAmerican",14,3,4,25.7,38,2,6,"liberal","no","yes","no",2,2,NA,55.83,3,0,12,NA,20,90
576,"female",40,1978,"AfricanAmerican","no","AfricanAmerican",12,6,3,38.8,47,0,1,"fundamentalist","no",NA,"yes",2,4,1,NA,1,0,7,5,30,100
577,"female",22,1996,"White","no","White",16,0,4,43.3,43,2,2,"moderate","no","yes","no",2,3,NA,88.84,3,4,12,NA,0,120
578,"male",38,1980,"AfricanAmerican","no","AfricanAmerican",14,1,3,21,24,6,1,"fundamentalist","no","yes","no",1,3,NA,59.42,1,3,5,NA,120,100
579,"female",45,1973,"AfricanAmerican","no","AfricanAmerican",15,3,4,38.8,47,3,2,"moderate","no","no","no",1,2,2,NA,1,3,0,4,160,120
580,"male",63,1955,"White","no","White",12,1,3,76.3,60,3,6,"liberal","yes",NA,"yes",5,5,2,NA,1,1,12,6,0,100
581,"female",30,1988,"White","no","White",20,0,4,71.4,62,0,6,"liberal","no","yes","yes",2,2,3,51.26,1,1,0,4,190,120
582,"male",25,1993,"White","no","White",12,0,4,38.8,47,0,6,"liberal","no",NA,"yes",4,4,2,NA,1,1,12,1,0,90
583,"female",44,1974,"other","no","Other",12,1,3,62,45,4,5,"none","no","no","no",3,4,NA,80.43,1,4,11,NA,180,120
584,"male",56,1962,"White","no","White",12,1,4,13.6,33,0,1,"liberal","no","yes","no",5,6,2,NA,1,4,0,6,140,90
585,"female",45,1973,"White","no","White",12,2,1,20.7,24,2,6,"liberal","no","yes","no",4,4,NA,79.98,3,0,12,NA,70,120
586,"female",27,1991,"other","yes","Latinx",7,3,4,24.2,48,0,6,"liberal","no","yes","no",4,2,2,70.25,2,4,0,1,90,80
587,"male",53,1965,"other","yes","Latinx",17,2,1,28.3,40,2,2,"moderate","no","yes","yes",2,4,1,80.59,2,0,0,3,180,120
588,"female",66,1952,"AfricanAmerican","no","AfricanAmerican",15,1,2,60.2,46,7,1,"fundamentalist","no","yes","no",1,5,2,NA,1,7,0,5,150,120
589,"female",48,1970,"AfricanAmerican","no","AfricanAmerican",18,3,3,62.1,45,8,1,"fundamentalist","no",NA,"yes",2,3,1,NA,1,2,8,2,190,120
590,"female",50,1968,"AfricanAmerican","no","AfricanAmerican",14,2,1,24.2,48,7,1,"liberal","no","no","yes",1,4,2,88.27,3,3,0,3,170,120
591,"female",18,2000,"other","yes","Latinx",11,0,4,38.9,41,2,2,"moderate","no","yes","yes",4,4,2,NA,1,0,0,3,0,100
592,"male",51,1967,"AfricanAmerican","no","AfricanAmerican",16,1,4,59.1,53,3,1,"fundamentalist","no","yes","no",3,1,NA,91.46,3,3,1,NA,140,110
593,"female",63,1955,"AfricanAmerican","no","AfricanAmerican",13,4,3,46.6,69,0,1,"fundamentalist","no","yes","no",1,3,3,89.98,3,1,0,4,190,120
594,"female",57,1961,"AfricanAmerican","no","AfricanAmerican",12,3,1,20.7,24,8,6,"liberal","no","no","no",2,4,NA,92.5,3,3,1,NA,40,120
595,"male",68,1950,"AfricanAmerican","no","AfricanAmerican",16,3,2,63.2,66,2,1,"none","no","yes","no",1,5,1,NA,1,2,0,4,0,110
596,"male",64,1954,"White","no","White",14,1,1,53.2,49,0,1,"fundamentalist","no","no","yes",7,6,2,91.27,1,2,0,2,0,120
597,"male",26,1992,"other","yes","Latinx",12,1,4,19.7,27,2,2,"moderate","yes",NA,"yes",5,3,2,NA,1,1,7,1,150,120
598,"female",58,1960,"White","no","White",16,0,1,80.7,65,7,1,"moderate","yes","no","yes",4,6,NA,88.76,3,2,11,NA,250,130
599,"female",53,1965,"AfricanAmerican","no","AfricanAmerican",19,1,1,71.7,58,8,6,"liberal","no","yes","yes",1,3,4,NA,1,1,0,2,240,130
600,"male",28,1990,"other","yes","Latinx",12,0,4,28.4,38,4,6,"liberal","no","no","no",4,5,2,79.82,1,5,0,1,50,100
601,"female",30,1988,"White","no","White",11,1,1,19.6,31,0,6,"liberal","no",NA,"yes",2,1,1,NA,1,0,10,4,0,120
602,"male",53,1965,"White","no","White",14,1,1,65.3,60,3,1,"fundamentalist","no","no","yes",7,6,2,NA,1,4,0,6,0,120
603,"male",56,1962,"White","no","White",13,3,1,64.5,48,8,1,"fundamentalist","no","no","yes",7,6,1,70.89,4,4,0,4,190,120
604,"male",20,1998,"White","yes","Latinx",12,0,4,28.3,40,5,6,"liberal","yes",NA,"yes",4,4,2,NA,1,1,6,2,10,80
605,"female",64,1954,"White","no","White",16,0,4,64.2,53,0,2,"moderate","no","yes","no",2,4,3,NA,1,2,0,4,260,120
606,"male",40,1978,"other","no","Other",12,2,4,25.2,28,0,2,"moderate","no",NA,"yes",4,6,1,NA,1,1,5,8,30,120
607,"female",64,1954,"other","yes","Latinx",9,4,1,18.6,37,7,1,"moderate","no","no","no",4,3,2,NA,1,0,0,1,0,120
608,"female",39,1979,"White","yes","Latinx",14,3,1,32,35,5,1,"fundamentalist","no",NA,"yes",2,4,2,NA,1,5,10,0,120,120
609,"female",42,1976,"White","yes","Latinx",9,3,1,32.6,50,7,1,"fundamentalist","no","no","no",7,6,NA,78.15,2,3,1,NA,0,60
610,"male",22,1996,"other","yes","Latinx",11,0,4,14,27,3,2,"moderate","yes",NA,"yes",5,1,2,NA,1,0,8,1,40,100
611,"male",51,1967,"other","yes","Latinx",5,6,1,19.2,35,7,2,"moderate","no",NA,"yes",7,6,3,NA,1,2,8,1,0,100
612,"female",40,1978,"other","yes","Latinx",9,5,3,25.2,28,4,1,"fundamentalist","no","no","no",4,4,NA,90.21,1,8,2,NA,0,120
613,"male",40,1978,"other","yes","Latinx",10,2,3,38.8,45,4,1,"fundamentalist","yes",NA,"yes",4,4,3,NA,1,0,4,2,190,120
614,"female",24,1994,"White","yes","Latinx",15,1,1,48.51,44,4,2,"moderate","no","no","yes",4,5,3,NA,1,5,0,4,0,120
615,"female",27,1991,"White","yes","Latinx",9,3,4,14.6,24,0,2,"moderate","no","no","no",4,2,2,NA,1,6,0,4,0,50
616,"female",34,1984,"other","yes","Latinx",7,2,1,21.8,35,8,2,"moderate","no","no","no",2,7,NA,69.34,4,8,3,NA,0,110
617,"female",24,1994,"other","no","Other",14,0,4,35.94,39,0,6,"liberal","no","no","yes",4,4,NA,86.84,1,1,5,NA,0,80
618,"female",34,1984,"other","yes","Latinx",12,2,1,47.16,46,0,6,"liberal","no","no","yes",5,2,4,NA,1,7,0,3,0,40
619,"female",44,1974,"other","no","Other",16,2,1,80.9,61,0,4,"none","no","no","yes",3,4,NA,67.23,1,4,3,NA,0,100
620,"female",80,1938,"White","no","White",12,4,2,32.6,37,7,2,"moderate","no","no","no",7,4,2,81.06,4,1,0,6,0,120
621,"female",61,1957,"White","no","White",16,2,1,38.8,47,3,2,"moderate","no","no","yes",6,6,1,NA,1,2,0,5,0,110
622,"female",39,1979,"AfricanAmerican","no","AfricanAmerican",12,3,3,39.7,31,4,1,"fundamentalist","no",NA,"yes",3,3,1,NA,1,2,7,7,110,120
623,"female",41,1977,"White","no","White",20,1,4,78.3,51,5,6,"liberal","no","no","yes",3,5,2,75.79,3,0,0,0,210,120
624,"male",34,1984,"other","yes","Latinx",14,2,1,38.8,45,8,1,"moderate","no",NA,"no",3,4,2,NA,1,1,0,1,200,120
625,"female",70,1948,"White","no","White",19,3,1,80.9,61,7,1,"moderate","no",NA,"yes",5,6,2,NA,1,4,9,1,0,110
626,"female",49,1969,"White","no","White",15,3,3,79.9,62,1,6,"liberal","no","yes","yes",3,4,NA,81.21,3,4,8,NA,220,120
627,"female",59,1959,"other","no","Other",19,1,1,27,38,7,1,"liberal","no","no","no",6,6,2,NA,1,9,0,1,80,110
628,"female",31,1987,"AfricanAmerican","no","AfricanAmerican",20,1,4,91.1,69,0,6,"liberal","no","yes","no",3,4,NA,75.48,2,0,12,NA,170,120
629,"male",77,1941,"White","no","White",16,1,3,60.5,61,7,1,"liberal","no",NA,"no",7,5,2,NA,1,4,12,5,0,120
630,"female",40,1978,"White","no","White",17,3,3,21.8,35,4,3,"liberal","no",NA,"no",4,4,3,NA,1,0,0,0,100,110
631,"female",53,1965,"AfricanAmerican","no","AfricanAmerican",16,1,1,59.8,45,7,6,"none","no","no","no",4,4,NA,62,3,0,7,NA,110,110
632,"female",29,1989,"AfricanAmerican","no","AfricanAmerican",12,3,4,39.7,31,2,1,"fundamentalist","no","no","no",2,4,NA,91.95,2,2,0,9,120,100
633,"female",39,1979,"AfricanAmerican","no","AfricanAmerican",15,1,4,52,46,5,1,"moderate","yes","yes","yes",1,1,NA,77.73,1,10,9,NA,170,120
634,"female",27,1991,"AfricanAmerican","no","AfricanAmerican",15,1,4,63.7,33,0,6,"liberal","no","yes","yes",2,4,1,NA,1,1,0,1,170,120
635,"male",62,1956,"AfricanAmerican","no","AfricanAmerican",18,3,3,84.5,74,4,1,"liberal","no",NA,"no",1,4,2,NA,1,2,6,2,210,120
636,"female",48,1970,"AfricanAmerican","no","AfricanAmerican",12,4,3,13.6,33,5,1,"fundamentalist","no","no","yes",3,3,NA,73.31,1,1,0,NA,90,90
637,"female",28,1990,"other","yes","Latinx",12,1,1,31.3,26,0,2,"moderate","no","yes","yes",3,4,2,80.89,1,3,0,1,150,120
638,"male",47,1971,"AfricanAmerican","no","AfricanAmerican",12,6,1,20.9,35,2,1,"fundamentalist","yes",NA,"no",3,2,2,NA,1,2,9,5,100,90
639,"female",42,1976,"AfricanAmerican","no","AfricanAmerican",13,1,4,38.3,50,0,1,"fundamentalist","no","yes","no",1,6,1,NA,1,4,0,5,170,120
640,"female",38,1980,"White","no","White",12,3,1,38.8,47,0,1,"fundamentalist","no","yes","yes",6,6,2,77.28,2,1,0,0,30,120
641,"male",53,1965,"White","no","White",16,1,1,84.5,74,2,6,"liberal","yes",NA,"yes",4,4,2,NA,1,1,12,2,180,120
642,"male",40,1978,"AfricanAmerican","no","AfricanAmerican",14,4,3,26.8,35,0,6,"liberal","yes","yes","yes",3,2,NA,72.02,2,3,6,NA,200,120
643,"male",57,1961,"White","no","White",15,2,1,52.4,43,3,6,"liberal","no","no","yes",7,6,2,80.07,3,4,0,1,240,130
644,"male",51,1967,"White","no","White",11,1,1,55.1,54,6,1,"moderate","yes",NA,"no",4,3,4,NA,1,0,12,1,80,120
645,"female",60,1958,"White","no","White",14,2,3,92.8,80,7,6,"liberal","yes","yes","yes",4,1,NA,69.93,5,2,7,NA,0,90
646,"female",55,1963,"White","no","White",18,0,3,46.6,69,7,1,"liberal","no","yes","yes",6,6,3,NA,1,4,0,0,230,120
647,"female",40,1978,"White","no","White",14,3,1,17.5,22,4,1,"fundamentalist","yes",NA,"yes",7,6,1,NA,1,3,6,2,260,120
648,"male",25,1993,"White","yes","Latinx",11,2,1,25.2,28,7,6,"liberal","no","no","no",4,4,3,90.79,2,8,0,1,0,100
649,"female",19,1999,"other","yes","Latinx",6,0,4,20.7,24,5,2,"moderate","no","no","no",3,4,3,NA,1,2,0,3,90,100
650,"male",46,1972,"other","yes","Latinx",3,0,4,39.9,46,0,2,"moderate","no",NA,"yes",3,3,3,NA,1,0,5,3,130,110
651,"female",60,1958,"AfricanAmerican","no","AfricanAmerican",9,5,3,19.7,45,3,1,"fundamentalist","no","yes","no",6,6,1,49.5,1,1,0,6,0,90
652,"female",22,1996,"other","no","Other",12,2,4,25.7,38,5,1,"fundamentalist","no",NA,"yes",4,4,1,NA,1,0,5,1,40,40
653,"female",29,1989,"AfricanAmerican","no","AfricanAmerican",19,0,4,73.6,67,0,6,"liberal","no",NA,"yes",2,2,3,NA,1,0,8,1,190,120
654,"male",28,1990,"AfricanAmerican","no","AfricanAmerican",16,0,4,29.5,29,0,6,"liberal","no","yes","no",3,1,NA,69.06,3,1,12,NA,160,120
655,"female",36,1982,"AfricanAmerican","no","AfricanAmerican",12,2,4,12.6,25,0,1,"moderate","no","yes","no",1,6,1,NA,1,6,0,4,100,90
656,"female",29,1989,"White","no","White",16,2,1,26.1,48,4,3,"liberal","yes","yes","yes",4,4,NA,76.04,2,0,12,NA,160,120
657,"male",40,1978,"AfricanAmerican","no","AfricanAmerican",12,2,1,25.1,35,2,1,"moderate","no","yes","no",2,3,2,77.89,3,0,0,5,180,120
658,"male",47,1971,"White","no","White",14,0,1,62,45,1,6,"liberal","no","yes","no",4,4,NA,91.63,2,2,12,NA,200,120
660,"male",51,1967,"AfricanAmerican","no","AfricanAmerican",14,2,3,32.6,50,5,1,"liberal","no",NA,"yes",1,3,1,NA,1,0,10,3,160,120
661,"male",63,1955,"White","no","White",13,0,4,61.9,51,3,1,"fundamentalist","no","yes","no",3,3,NA,59.97,1,5,12,NA,0,100
662,"male",33,1985,"AfricanAmerican","no","AfricanAmerican",13,0,4,67.7,39,0,6,"liberal","no",NA,"no",3,4,2,NA,1,0,12,1,0,120
663,"female",47,1971,"AfricanAmerican","yes","Latinx",12,2,1,53.8,57,4,2,"moderate","no","no","no",4,4,NA,67.81,2,1,6,NA,170,120
664,"female",26,1992,"other","yes","Latinx",15,1,1,37.6,31,7,1,"moderate","yes",NA,"yes",5,5,3,NA,1,0,2,1,140,120
665,"male",68,1950,"AfricanAmerican","no","AfricanAmerican",16,2,1,62.6,66,8,1,"liberal","yes",NA,"yes",1,2,2,NA,1,1,7,1,170,120
666,"female",36,1982,"AfricanAmerican","no","AfricanAmerican",16,1,1,73.9,53,7,1,"moderate","yes","no","yes",6,4,NA,72.07,4,0,3,NA,0,120
667,"male",34,1984,"White","no","White",14,0,4,65.1,59,2,1,"fundamentalist","no","no","yes",5,4,2,75.96,3,7,0,3,180,120
668,"female",30,1988,"AfricanAmerican","no","AfricanAmerican",17,0,4,80.9,61,4,1,"fundamentalist","yes","yes","no",2,4,NA,69.96,3,0,7,NA,70,110
669,"female",71,1947,"White","no","White",13,2,1,30.9,24,0,6,"liberal","no","yes","no",1,3,2,NA,1,1,0,2,0,120
670,"female",28,1990,"White","no","White",12,0,4,23.3,25,7,3,"liberal","no","no","yes",7,6,NA,80.64,4,6,2,NA,0,120
671,"male",65,1953,"AfricanAmerican","no","AfricanAmerican",16,2,1,38.1,39,8,1,"fundamentalist","no","yes","no",1,2,2,89.86,3,3,0,2,100,120
672,"male",49,1969,"White","no","White",12,4,1,59.1,53,7,1,"moderate","yes","yes","yes",4,7,NA,87.24,3,2,10,NA,260,130
673,"male",32,1986,"White","no","White",12,1,3,32,35,1,6,"liberal","no","yes","no",4,4,3,NA,1,0,0,0,130,110
674,"female",21,1997,"White","no","White",15,0,4,19.6,31,0,6,"liberal","no",NA,"yes",2,2,1,NA,1,0,8,2,40,40
675,"female",38,1980,"White","no","White",14,2,1,25.7,38,7,1,"moderate","yes",NA,"yes",7,6,1,NA,1,1,11,2,100,120
676,"male",22,1996,"White","no","White",14,0,4,33.4,40,0,5,"none","yes","yes","yes",4,4,NA,60.11,1,3,11,NA,140,120
677,"male",50,1968,"AfricanAmerican","no","AfricanAmerican",14,3,3,49.4,40,3,1,"fundamentalist","yes",NA,"no",2,3,2,NA,1,0,12,3,170,120
678,"male",86,1932,"AfricanAmerican","no","AfricanAmerican",13,4,1,52.5,44,5,1,"moderate","no","no","no",1,5,2,NA,1,1,0,3,0,90
679,"female",59,1959,"other","no","Other",12,4,1,84.2,64,8,1,"fundamentalist","no","no","yes",4,4,1,69.8,3,1,0,1,130,120
680,"female",28,1990,"AfricanAmerican","no","AfricanAmerican",15,0,3,35.61,39,0,6,"liberal","no",NA,"no",4,4,1,NA,1,0,11,0,0,120
681,"male",54,1964,"AfricanAmerican","no","AfricanAmerican",15,2,1,27,38,8,1,"moderate","no","yes","no",1,4,NA,79.09,3,3,6,NA,200,120
682,"female",71,1947,"AfricanAmerican","no","AfricanAmerican",15,0,1,59.1,38,7,1,"fundamentalist","no","no","yes",1,4,1,NA,1,3,0,5,170,120
683,"female",58,1960,"AfricanAmerican","no","AfricanAmerican",16,2,1,59.1,38,3,6,"liberal","yes",NA,"yes",5,4,3,NA,1,1,9,7,180,120
684,"female",88,1930,"White","yes","Latinx",3,2,2,47.44,45,7,1,"fundamentalist","no","no","no",4,4,2,81.98,1,3,0,2,0,110
685,"male",34,1984,"White","no","White",12,2,1,38.8,45,2,2,"moderate","yes","no","yes",5,4,NA,71.89,1,5,2,NA,210,120
686,"female",52,1966,"White","no","White",12,4,4,39.7,31,2,6,"liberal","yes","yes","yes",4,6,NA,66.81,3,6,12,NA,110,100
687,"female",71,1947,"White","yes","Latinx",12,2,1,13.2,32,5,2,"moderate","no",NA,"yes",4,4,4,NA,1,0,2,1,0,110
688,"female",21,1997,"other","no","Other",11,1,1,21.6,28,3,1,"moderate","no",NA,"yes",3,4,3,NA,1,0,5,4,90,110
689,"male",23,1995,"AfricanAmerican","no","AfricanAmerican",12,2,4,23.3,25,0,6,"liberal","no","yes","no",4,4,NA,93.24,1,1,10,NA,0,80
690,"male",82,1936,"AfricanAmerican","no","AfricanAmerican",12,0,2,13.6,33,0,1,"fundamentalist","yes",NA,"yes",1,1,1,NA,1,2,0,6,0,20
691,"male",34,1984,"AfricanAmerican","no","AfricanAmerican",12,3,1,23.3,25,2,1,"moderate","no","yes","yes",2,4,NA,70.61,1,1,10,NA,180,120
692,"female",32,1986,"AfricanAmerican","no","AfricanAmerican",14,3,3,37.6,31,1,1,"fundamentalist","no","yes","yes",2,4,1,NA,1,0,0,2,120,110
693,"female",43,1975,"AfricanAmerican","no","AfricanAmerican",15,0,3,44.6,36,7,1,"fundamentalist","no",NA,"yes",2,4,2,NA,1,1,2,2,180,120
694,"female",75,1943,"AfricanAmerican","no","AfricanAmerican",12,2,2,38.37,41,5,1,"fundamentalist","no",NA,"no",1,4,2,NA,1,1,10,1,0,120
695,"male",46,1972,"White","yes","Latinx",12,1,1,23.8,25,0,2,"moderate","no","no","yes",5,5,3,NA,1,2,0,2,160,120
696,"male",33,1985,"other","yes","Latinx",12,0,4,32,35,0,5,"none","no",NA,"yes",4,6,1,NA,1,5,3,1,150,120
697,"female",79,1939,"other","yes","Latinx",4,4,3,13.6,21,7,2,"moderate","no","no","yes",5,6,1,83.68,3,8,0,2,0,90
698,"female",50,1968,"White","yes","Latinx",12,2,3,23.3,25,4,1,"fundamentalist","no","no","no",4,7,NA,70.81,1,8,2,NA,70,110
699,"female",40,1978,"White","yes","Latinx",16,4,3,76.3,60,7,1,"moderate","no","no","no",4,4,NA,90.59,1,1,10,NA,0,120
700,"female",89,1929,"AfricanAmerican","no","AfricanAmerican",4,6,2,24.2,48,3,1,"fundamentalist","no","no","yes",1,4,NA,80.33,1,6,4,NA,0,30
701,"male",65,1953,"other","yes","Latinx",13,3,1,58.2,38,7,2,"moderate","no","no","no",4,6,2,NA,1,8,0,6,190,120
702,"female",69,1949,"AfricanAmerican","no","AfricanAmerican",13,2,3,58.2,38,6,2,"moderate","no","no","yes",1,5,NA,90.69,1,1,9,NA,0,120
703,"male",73,1945,"AfricanAmerican","no","AfricanAmerican",12,3,3,52.5,44,7,1,"fundamentalist","no","no","yes",1,5,2,94.03,2,3,0,4,0,120
704,"female",53,1965,"White","yes","Latinx",9,2,4,12.6,25,0,6,"liberal","no",NA,"yes",2,2,4,NA,1,1,3,2,90,100
705,"female",46,1972,"White","yes","Latinx",14,1,1,39.6,42,3,1,"fundamentalist","yes","no","no",6,6,NA,81.22,1,3,2,NA,0,120
706,"female",56,1962,"White","yes","Latinx",12,1,3,73.9,53,2,2,"moderate","no",NA,"no",3,4,3,NA,1,0,10,2,210,120
707,"male",71,1947,"White","no","White",12,5,1,56.9,49,8,3,"liberal","no","no","yes",7,6,3,91.32,3,1,0,4,250,120
708,"male",33,1985,"White","no","White",12,0,4,33.2,37,3,1,"fundamentalist","no",NA,"yes",4,4,3,NA,1,4,6,2,210,120
709,"female",68,1950,"White","yes","Latinx",15,1,3,60.3,52,5,3,"liberal","no","no","no",1,2,3,69.77,3,2,0,3,0,100
710,"female",89,1929,"White","no","White",12,4,2,56.9,49,3,3,"liberal","no",NA,"yes",4,4,2,NA,1,2,7,4,0,120
711,"male",19,1999,"White","yes","Latinx",9,0,4,20.7,24,3,1,"fundamentalist","no",NA,"no",4,4,2,NA,1,2,9,0,0,90
712,"male",26,1992,"AfricanAmerican","no","AfricanAmerican",16,0,4,63.7,51,5,1,"fundamentalist","no","yes","yes",3,6,NA,40.24,3,4,12,NA,40,100
713,"female",28,1990,"White","yes","Latinx",18,0,3,28.6,49,1,1,"moderate","no",NA,"no",6,4,4,NA,1,5,11,1,170,120
714,"male",70,1948,"White","yes","Latinx",12,2,3,38.8,45,0,6,"liberal","no","yes","yes",1,4,NA,59.69,1,3,9,NA,0,70
715,"female",38,1980,"AfricanAmerican","no","AfricanAmerican",11,1,1,24.2,48,7,1,"fundamentalist","no","yes","no",1,1,NA,90.22,1,3,3,NA,130,120
716,"male",39,1979,"White","no","White",18,4,1,77.7,59,3,2,"moderate","no","no","no",6,5,NA,75.89,2,6,9,NA,240,130
717,"male",19,1999,"other","no","Other",13,0,4,36.68,39,7,1,"moderate","no","yes","no",2,3,NA,76.74,5,5,11,NA,0,120
718,"male",45,1973,"White","no","White",18,1,1,81.6,63,2,2,"moderate","no","yes","no",4,4,2,80.33,2,3,0,2,230,130
719,"female",47,1971,"White","no","White",18,1,1,68.6,53,1,1,"moderate","no",NA,"no",1,2,3,NA,1,0,12,1,240,130
720,"male",46,1972,"White","no","White",18,2,1,82.5,64,3,1,"liberal","no",NA,"yes",2,4,3,NA,1,4,11,1,210,120
721,"female",19,1999,"White","no","White",11,0,4,21.8,35,1,6,"liberal","yes","yes","yes",6,4,NA,77.51,1,5,11,NA,20,120
722,"female",48,1970,"AfricanAmerican","no","AfricanAmerican",16,2,3,68.6,50,4,1,"fundamentalist","no","no","no",2,4,2,72.54,3,0,0,3,250,120
723,"female",38,1980,"White","no","White",15,3,1,43,38,5,2,"moderate","no","yes","no",3,4,NA,81.83,3,0,12,NA,0,110
724,"male",24,1994,"AfricanAmerican","no","AfricanAmerican",16,0,4,38.59,39,2,1,"moderate","yes","yes","no",4,1,NA,58.53,1,1,8,NA,150,120
725,"female",54,1964,"AfricanAmerican","no","AfricanAmerican",12,1,4,27,38,0,2,"moderate","no",NA,"no",1,7,1,NA,1,1,12,7,0,70
726,"male",50,1968,"AfricanAmerican","no","AfricanAmerican",15,3,2,46,49,7,4,"none","no","yes","yes",1,4,1,NA,1,7,0,0,130,110
727,"male",48,1970,"AfricanAmerican","no","AfricanAmerican",13,2,3,32,35,0,6,"liberal","no","no","no",2,3,2,68.82,2,1,0,1,190,120
728,"male",25,1993,"AfricanAmerican","no","AfricanAmerican",14,0,4,19.6,31,0,1,"fundamentalist","yes",NA,"no",2,1,2,NA,1,0,11,4,50,110
729,"male",59,1959,"AfricanAmerican","no","AfricanAmerican",12,3,3,25.7,32,0,6,"liberal","no","yes","yes",3,7,NA,78.85,1,4,4,NA,190,120
730,"male",25,1993,"AfricanAmerican","yes","Latinx",12,0,4,32,35,0,6,"liberal","no","yes","yes",4,4,3,73.95,1,0,0,2,0,120
731,"female",28,1990,"AfricanAmerican","no","AfricanAmerican",14,1,1,35.8,32,8,1,"moderate","no",NA,"yes",2,4,1,NA,1,2,5,1,160,120
732,"female",40,1978,"AfricanAmerican","no","AfricanAmerican",13,2,4,49.2,52,5,1,"fundamentalist","no","yes","yes",1,6,NA,69.74,3,1,3,NA,90,100
733,"female",73,1945,"White","no","White",18,3,1,84.2,64,2,6,"liberal","no","yes","yes",1,2,3,NA,1,1,0,3,0,120
734,"male",50,1968,"White","no","White",10,2,1,24.1,32,2,1,"fundamentalist","yes",NA,"yes",5,4,2,NA,1,0,11,4,210,120
735,"female",20,1998,"White","no","White",16,0,4,65.3,60,0,2,"moderate","yes",NA,"no",2,3,2,NA,1,1,7,2,70,120
736,"male",43,1975,"White","no","White",14,2,1,58.4,45,4,2,"moderate","yes","yes","yes",3,4,NA,80.14,2,2,6,NA,200,120
737,"female",68,1950,"White","no","White",16,0,1,61.5,38,5,1,"liberal","yes","no","no",7,6,NA,69.42,5,2,12,NA,0,120
738,"male",18,2000,"White","no","White",12,0,4,68.6,50,6,2,"moderate","yes","no","yes",6,4,NA,79.3,4,7,5,NA,20,120
739,"female",54,1964,"AfricanAmerican","no","AfricanAmerican",14,4,1,37.6,31,2,1,"fundamentalist","no","yes","no",1,2,NA,82.03,2,5,12,NA,0,110
740,"female",71,1947,"White","no","White",17,1,3,57.4,50,0,6,"liberal","no","no","no",4,4,2,NA,1,1,0,1,140,110
741,"female",28,1990,"White","no","White",12,0,1,57.8,47,0,6,"liberal","no","yes","no",3,4,NA,78.13,1,1,6,NA,150,120
742,"male",46,1972,"AfricanAmerican","no","AfricanAmerican",16,0,4,59.1,38,0,1,"fundamentalist","yes","yes","yes",1,4,NA,78.31,3,1,4,NA,190,120
743,"male",47,1971,"White","no","White",10,4,1,84,73,1,1,"fundamentalist","no","yes","yes",4,4,2,NA,1,4,0,4,130,120
744,"female",65,1953,"White","no","White",12,0,2,38.3,45,3,2,"moderate","yes",NA,"no",5,4,NA,NA,1,2,8,3,180,120
745,"male",18,2000,"White","no","White",12,0,4,23.8,25,1,2,"moderate","no","no","yes",6,4,NA,71.25,1,5,8,NA,0,120
746,"female",57,1961,"AfricanAmerican","no","AfricanAmerican",14,3,1,22.9,28,5,1,"fundamentalist","yes",NA,"no",1,2,1,NA,1,3,9,4,180,120
747,"female",65,1953,"White","no","White",16,1,2,19.6,31,3,1,"fundamentalist","no","yes","yes",1,2,2,67.95,5,2,0,7,50,100
748,"female",25,1993,"AfricanAmerican","no","AfricanAmerican",12,1,4,24.1,30,2,1,"fundamentalist","no","no","no",2,4,NA,75.58,1,4,2,NA,110,100
749,"male",30,1988,"AfricanAmerican","no","AfricanAmerican",12,0,4,32,35,1,6,"liberal","no","no","no",1,5,NA,80.21,1,1,0,NA,190,120
750,"female",37,1981,"AfricanAmerican","no","AfricanAmerican",13,2,4,37.6,31,2,6,"liberal","no",NA,"no",1,4,2,NA,1,2,8,4,0,120
751,"female",68,1950,"White","no","White",12,2,1,41.8,40,7,1,"fundamentalist","yes","yes","no",3,4,NA,83.34,3,3,4,NA,0,120
752,"male",47,1971,"White","no","White",15,3,3,65.2,60,0,6,"liberal","no","yes","no",1,1,3,80.51,2,6,0,0,230,120
753,"male",61,1957,"White","no","White",10,0,4,25.2,28,0,1,"fundamentalist","no","yes","yes",3,6,3,NA,1,6,0,8,0,90
754,"male",23,1995,"other","yes","Latinx",12,0,4,23.8,25,5,1,"fundamentalist","no","yes","yes",2,4,NA,67.03,3,3,10,NA,140,120
755,"male",27,1991,"White","no","White",18,0,4,77.7,59,0,6,"liberal","no",NA,"yes",4,4,3,NA,1,0,11,2,160,120
756,"male",19,1999,"White","no","White",11,0,4,25,35,0,5,"none","yes","yes","yes",4,5,NA,69.99,3,0,9,NA,0,120
757,"male",54,1964,"White","no","White",20,0,1,50,47,7,1,"liberal","no",NA,"no",1,1,3,NA,1,4,12,0,210,120
758,"female",34,1984,"White","no","White",16,0,1,65.6,52,0,6,"liberal","no","yes","no",1,2,NA,90.55,2,2,10,NA,50,120
759,"female",89,1929,"White","no","White",18,3,2,80.9,61,7,1,"moderate","no",NA,"yes",1,3,3,NA,1,4,11,4,0,120
760,"male",34,1984,"other","yes","Latinx",14,1,1,79.3,63,5,2,"moderate","no",NA,"no",2,4,3,NA,1,0,12,4,180,120
761,"male",64,1954,"White","no","White",16,6,1,59.1,53,7,2,"moderate","no","no","yes",7,6,3,78.8,5,5,0,1,0,110
762,"female",36,1982,"White","no","White",16,2,1,79.3,63,0,6,"liberal","no",NA,"no",3,4,4,NA,1,5,8,1,220,120
763,"female",42,1976,"White","no","White",16,3,3,59.1,38,0,6,"liberal","no","yes","yes",4,4,2,NA,1,1,0,2,190,120
764,"female",44,1974,"other","no","Other",16,0,1,61.4,46,1,6,"liberal","no","no","yes",4,4,NA,67.53,1,1,12,NA,30,110
765,"male",44,1974,"White","no","White",15,2,2,28.5,26,2,2,"moderate","yes",NA,"no",7,6,2,NA,1,0,10,4,260,120
766,"male",43,1975,"White","no","White",18,0,4,87.9,60,0,6,"liberal","yes","yes","no",3,3,NA,68.61,3,3,11,NA,240,120
767,"female",77,1941,"White","no","White",17,3,2,65.3,47,7,2,"moderate","no",NA,"no",3,4,3,NA,1,0,11,1,0,120
769,"male",36,1982,"White","no","White",12,2,3,27.2,41,3,1,"fundamentalist","yes","yes","yes",5,4,NA,69.62,3,0,11,NA,150,120
770,"male",30,1988,"White","no","White",16,0,4,87.9,60,0,6,"liberal","no","yes","no",1,2,NA,70.17,1,2,12,NA,90,120
771,"male",58,1960,"White","no","White",19,3,3,63.7,51,0,5,"none","no","no","yes",3,4,2,NA,1,4,0,0,190,120
772,"female",89,1929,"White","no","White",16,2,3,76.3,60,2,1,"moderate","no",NA,"no",6,5,3,NA,1,0,12,6,0,120
773,"male",62,1956,"White","no","White",12,0,4,23.3,25,0,6,"liberal","yes",NA,"yes",4,6,2,NA,1,1,3,7,0,90
774,"female",76,1942,"White","no","White",14,1,2,22.4,33,0,2,"moderate","no",NA,"yes",4,6,4,NA,1,0,6,6,0,90
775,"female",51,1967,"White","no","White",14,3,1,77,57,1,6,"liberal","yes","yes","no",1,1,NA,81.46,1,1,11,NA,180,120
776,"female",27,1991,"White","no","White",14,0,4,19.6,31,2,6,"liberal","no","yes","no",2,3,NA,68.95,1,4,10,NA,110,120
777,"male",73,1945,"White","no","White",14,0,1,59.1,53,0,6,"liberal","yes",NA,"yes",4,2,1,NA,1,0,8,3,0,120
778,"male",28,1990,"White","no","White",8,0,4,32,35,0,6,"liberal","no","no","yes",5,4,NA,92.38,1,0,12,NA,210,120
779,"male",34,1984,"White","no","White",16,0,1,34.7,34,0,6,"liberal","no","yes","yes",2,2,NA,77.57,1,2,12,NA,180,120
780,"female",40,1978,"White","yes","Latinx",12,6,4,45.1,40,5,1,"liberal","no","no","yes",6,4,1,NA,1,7,0,4,0,100
781,"female",35,1983,"White","yes","Latinx",16,1,1,63.7,51,3,2,"moderate","yes","no","yes",2,4,NA,81.22,2,0,8,NA,180,120
782,"male",70,1948,"White","no","White",14,0,2,38.1,39,7,1,"fundamentalist","no","no","no",6,4,2,78.41,1,0,0,2,0,120
783,"female",82,1936,"White","no","White",13,3,2,24.2,48,0,1,"moderate","no","no","yes",6,3,NA,83,3,2,8,NA,0,120
784,"female",52,1966,"White","yes","Latinx",17,4,3,24.6,36,4,2,"moderate","no",NA,"yes",1,2,2,NA,1,0,7,3,110,100
785,"male",56,1962,"White","no","White",12,1,3,42.8,38,4,1,"liberal","no","yes","yes",3,4,2,69.21,1,5,0,4,200,120
786,"female",46,1972,"White","no","White",15,0,1,23.8,25,7,1,"moderate","yes",NA,"yes",7,6,2,NA,1,1,1,1,170,120
787,"female",33,1985,"White","no","White",12,3,1,42.9,35,7,1,"moderate","no","yes","no",7,6,NA,92.96,3,3,11,NA,90,120
788,"female",23,1995,"other","no","Other",8,0,4,52,46,2,2,"moderate","no",NA,"yes",6,4,2,NA,1,0,8,5,100,120
789,"male",48,1970,"White","no","White",12,2,1,52.4,43,0,6,"liberal","yes",NA,"yes",4,4,3,NA,1,1,11,4,210,120
790,"male",55,1963,"White","no","White",14,2,3,59.9,42,0,6,"liberal","yes","yes","no",3,3,NA,70.11,1,3,12,NA,200,120
791,"female",56,1962,"White","no","White",12,0,3,20.1,48,0,1,"liberal","no",NA,"no",2,4,1,NA,1,0,3,3,0,90
792,"female",74,1944,"White","no","White",16,2,1,38.8,47,0,1,"liberal","yes","yes","no",6,1,NA,67.95,1,5,10,NA,0,110
793,"female",28,1990,"White","no","White",12,3,4,37.2,55,0,6,"liberal","no",NA,"yes",6,5,2,NA,1,0,8,1,170,120
795,"male",62,1956,"AfricanAmerican","no","AfricanAmerican",20,2,1,50.4,62,0,6,"liberal","no","yes","no",3,5,1,50.22,4,3,0,1,0,120
796,"female",74,1944,"AfricanAmerican","no","AfricanAmerican",15,2,2,32,35,2,1,"moderate","no","yes","yes",1,2,NA,93.01,1,3,12,NA,0,110
797,"female",24,1994,"other","yes","Latinx",12,1,4,60.5,61,2,2,"moderate","no","yes","no",6,3,3,NA,1,2,0,1,130,120
798,"female",29,1989,"AfricanAmerican","no","AfricanAmerican",15,0,1,21.8,35,0,6,"liberal","no",NA,"yes",1,1,3,NA,1,0,9,1,90,120
799,"female",59,1959,"White","yes","Latinx",14,3,2,59.1,38,0,2,"moderate","no","no","yes",2,3,1,70.72,2,1,0,3,170,120
800,"male",73,1945,"White","yes","Latinx",15,0,4,38.8,47,7,2,"moderate","no",NA,"yes",1,3,NA,NA,1,2,2,4,0,120
801,"male",65,1953,"other","yes","Latinx",3,6,1,37.6,36,0,6,"liberal","yes","no","no",2,5,NA,81.92,1,2,3,NA,140,110
802,"female",19,1999,"White","no","White",12,0,1,41.1,53,8,1,"fundamentalist","no","no","yes",5,4,3,NA,1,0,0,1,140,120
803,"female",22,1996,"other","yes","Latinx",12,0,4,17.5,22,3,6,"liberal","no",NA,"no",4,4,NA,NA,1,1,2,3,50,110
804,"male",40,1978,"White","no","White",16,3,1,57.3,43,1,6,"liberal","no","yes","yes",5,5,3,68.65,1,3,0,1,90,120
805,"male",48,1970,"other","yes","Latinx",7,0,1,25,35,0,6,"liberal","no",NA,"yes",2,2,3,NA,1,2,9,2,130,120
806,"male",61,1957,"AfricanAmerican","no","AfricanAmerican",12,6,1,20.9,35,0,1,"fundamentalist","no","yes","no",2,3,2,35.34,3,2,0,8,0,20
807,"female",49,1969,"White","no","White",16,3,1,69.3,53,0,6,"liberal","no",NA,"yes",3,3,1,NA,1,0,12,2,240,130
808,"male",39,1979,"other","yes","Latinx",12,3,1,37.6,31,7,2,"moderate","yes","yes","yes",3,3,NA,74.07,2,0,10,NA,190,120
809,"female",45,1973,"other","no","Other",16,6,3,34.8,24,0,6,"liberal","yes","yes","no",3,4,NA,81.23,4,0,12,NA,150,120
810,"male",60,1958,"White","no","White",13,0,4,32,35,0,6,"liberal","no","yes","yes",4,2,4,79.66,1,1,0,8,0,90
811,"male",32,1986,"White","no","White",16,0,4,85.8,73,0,6,"liberal","no","yes","no",3,3,NA,81.32,1,4,11,NA,180,120
812,"male",39,1979,"White","no","White",18,0,4,29.6,30,0,6,"liberal","no","yes","no",3,4,NA,63.79,2,4,12,NA,170,120
813,"female",52,1966,"AfricanAmerican","no","AfricanAmerican",16,3,1,57.8,47,7,1,"fundamentalist","no","yes","no",3,4,1,NA,1,1,0,1,0,120
814,"female",44,1974,"other","yes","Latinx",15,2,1,21.6,28,0,1,"fundamentalist","no","yes","yes",3,4,1,NA,1,3,0,7,120,120
815,"female",59,1959,"AfricanAmerican","no","AfricanAmerican",12,2,3,13.6,21,7,1,"fundamentalist","no","yes","no",1,6,1,NA,1,1,0,2,70,70
816,"female",46,1972,"White","no","White",12,6,3,21.8,35,7,1,"fundamentalist","no","no","no",1,2,NA,67.72,4,2,12,NA,130,110
817,"male",63,1955,"White","no","White",12,0,4,43,38,2,1,"fundamentalist","no",NA,"no",7,6,1,NA,1,5,1,2,0,90
818,"male",26,1992,"AfricanAmerican","no","AfricanAmerican",12,0,4,17.5,22,0,6,"liberal","no","no","yes",4,4,NA,69.84,1,9,0,NA,90,100
819,"male",31,1987,"other","no","Other",12,0,4,19.6,31,1,5,"none","no","yes","yes",4,3,2,NA,1,4,0,0,0,70
820,"male",19,1999,"AfricanAmerican","no","AfricanAmerican",12,0,4,32.6,50,2,1,"moderate","no","yes","yes",3,4,NA,69.84,1,9,7,NA,60,120
821,"female",40,1978,"White","yes","Latinx",18,0,4,45.3,17,7,2,"moderate","no","yes","no",4,4,4,83.61,2,0,0,2,90,120
822,"male",64,1954,"AfricanAmerican","no","AfricanAmerican",16,3,1,74.8,61,4,1,"moderate","yes","no","yes",1,4,NA,76.44,2,2,7,NA,0,120
823,"male",25,1993,"White","no","White",15,0,4,29.5,29,0,6,"liberal","yes","yes","yes",5,4,NA,71.27,3,2,12,NA,70,120
824,"male",56,1962,"White","no","White",12,4,1,25.2,28,1,2,"moderate","no","yes","yes",4,5,2,68.79,1,3,0,8,0,60
825,"female",41,1977,"White","no","White",14,2,1,60.5,61,1,6,"liberal","no","yes","yes",4,4,NA,77.33,1,3,10,NA,0,120
826,"female",54,1964,"AfricanAmerican","no","AfricanAmerican",16,2,3,80.9,61,0,6,"none","no","no","no",5,2,3,NA,1,4,0,1,200,120
827,"male",40,1978,"White","no","White",12,2,3,39.7,31,2,1,"moderate","no",NA,"no",6,5,3,NA,1,1,8,2,0,90
828,"male",64,1954,"White","yes","Latinx",16,2,1,71.8,55,2,2,"moderate","no",NA,"yes",6,4,3,NA,1,2,12,1,240,130
829,"female",56,1962,"White","no","White",16,2,3,61.4,55,4,2,"moderate","no","no","no",5,5,NA,68.78,3,1,12,NA,210,120
830,"female",71,1947,"White","no","White",12,3,2,37.6,31,3,2,"moderate","no","yes","yes",4,4,3,81.85,1,1,0,5,0,120
831,"male",50,1968,"White","no","White",16,0,1,80.7,65,0,6,"liberal","no","yes","yes",2,2,NA,81.71,1,4,12,NA,240,130
832,"male",69,1949,"White","no","White",13,3,3,61.4,46,0,2,"moderate","no","yes","no",4,3,NA,71.02,1,1,9,NA,0,120
833,"male",49,1969,"White","no","White",12,0,4,25,35,0,6,"liberal","no","no","yes",5,4,1,NA,1,1,0,4,30,120
834,"male",61,1957,"White","no","White",12,2,1,39.9,46,2,1,"fundamentalist","no","yes","yes",7,5,2,68.39,1,3,0,3,260,130
835,"female",38,1980,"White","no","White",19,0,3,36.2,43,1,1,"fundamentalist","yes","yes","no",5,4,NA,68.48,2,2,6,NA,190,120
836,"male",74,1944,"White","no","White",16,5,1,76.3,60,0,1,"liberal","no","no","yes",2,2,2,82.69,2,1,0,1,260,130
837,"female",40,1978,"White","no","White",12,4,1,61.4,46,8,1,"fundamentalist","no","no","yes",4,5,1,NA,1,0,0,2,0,110
839,"male",41,1977,"other","no","Other",14,0,3,53.6,56,1,5,"none","no","yes","yes",4,4,2,NA,1,5,0,1,190,120
840,"male",78,1940,"White","yes","Latinx",10,0,1,18.6,37,2,2,"moderate","no","yes","yes",7,7,2,89.35,1,2,0,4,200,120
841,"female",47,1971,"other","yes","Latinx",9,4,1,21.8,35,8,2,"moderate","no",NA,"no",4,6,4,NA,1,0,4,0,50,120
842,"female",50,1968,"White","no","White",14,3,4,24.1,30,0,6,"liberal","no","yes","yes",1,4,NA,69.25,4,2,7,NA,100,120
843,"female",41,1977,"White","no","White",12,3,3,32.7,38,4,6,"liberal","no","yes","yes",3,3,2,NA,1,3,0,2,130,110
844,"female",63,1955,"White","no","White",15,3,3,41.1,53,5,1,"fundamentalist","no",NA,"no",1,4,4,NA,1,2,4,2,0,100
845,"male",56,1962,"White","no","White",14,1,1,57.4,50,7,1,"moderate","yes","no","yes",7,7,NA,78.99,2,5,12,NA,200,120
846,"female",18,2000,"White","yes","Latinx",12,0,4,42.45,42,0,2,"moderate","no",NA,"yes",6,3,3,NA,1,2,7,1,0,120
847,"male",25,1993,"other","no","Other",12,3,1,20.9,35,0,5,"none","yes","yes","yes",4,4,NA,66.4,4,0,11,NA,160,120
848,"female",55,1963,"White","yes","Latinx",14,2,1,38.8,47,0,6,"liberal","no","yes","no",2,4,2,NA,1,2,0,1,180,120
849,"male",58,1960,"White","no","White",14,2,3,32,35,7,1,"liberal","yes",NA,"yes",2,4,2,NA,1,1,8,8,90,110
850,"female",39,1979,"White","yes","Latinx",14,2,1,56.9,49,3,2,"moderate","no","yes","yes",2,4,NA,68.17,1,0,10,NA,170,120
851,"female",42,1976,"other","yes","Latinx",16,3,1,47.13,45,4,1,"fundamentalist","no","no","no",5,3,2,71.87,2,2,0,3,0,120
852,"male",25,1993,"other","yes","Latinx",12,1,4,28.4,38,4,2,"moderate","no","yes","yes",4,4,NA,56.74,1,4,11,NA,180,120
853,"female",76,1942,"White","yes","Latinx",6,7,1,14.8,22,2,1,"fundamentalist","no","no","no",3,3,1,NA,1,2,0,4,0,90
854,"female",53,1965,"other","yes","Latinx",17,4,3,80.9,61,0,1,"fundamentalist","no",NA,"no",4,4,2,NA,1,0,9,2,210,120
855,"male",57,1961,"White","no","White",14,0,4,38.8,47,0,6,"liberal","no",NA,"no",1,2,2,NA,1,0,11,0,200,120
856,"female",53,1965,"White","no","White",14,3,1,68.6,50,4,2,"moderate","yes","yes","yes",6,4,NA,80.18,3,3,12,NA,190,120
857,"male",63,1955,"White","no","White",16,6,1,20.7,24,7,1,"fundamentalist","no",NA,"yes",5,6,3,NA,1,0,11,0,0,120
858,"female",62,1956,"White","no","White",16,2,1,42.9,35,1,1,"fundamentalist","yes","no","no",5,3,NA,90.3,4,2,12,NA,0,110
860,"male",70,1948,"AfricanAmerican","no","AfricanAmerican",12,0,3,77.7,59,3,1,"liberal","no","no","yes",2,3,NA,82.28,4,6,12,NA,0,120
861,"male",35,1983,"AfricanAmerican","no","AfricanAmerican",16,0,4,52,46,0,6,"liberal","no","yes","no",4,4,2,88.71,3,2,0,1,200,110
862,"female",64,1954,"White","no","White",16,2,1,84,73,1,6,"liberal","yes",NA,"no",4,3,2,NA,1,0,11,1,10,10
863,"male",32,1986,"White","yes","Latinx",13,3,1,19.7,45,0,6,"liberal","no","yes","no",4,2,NA,79.71,1,3,12,NA,0,120
864,"female",27,1991,"White","no","White",16,0,4,59.4,65,7,6,"liberal","yes","no","no",7,6,NA,86.69,5,5,12,NA,120,120
865,"male",67,1951,"AfricanAmerican","no","AfricanAmerican",12,4,1,13.6,33,7,1,"fundamentalist","no","no","yes",7,6,1,80.79,1,4,0,2,180,120
866,"female",27,1991,"White","no","White",12,1,1,28.7,51,0,2,"moderate","yes",NA,"yes",5,4,3,NA,1,0,8,4,20,120
867,"male",31,1987,"White","no","White",15,0,4,19.7,45,0,6,"liberal","no","yes","no",4,6,NA,49.92,1,0,12,NA,20,20
868,"female",79,1939,"White","no","White",13,2,1,84.2,64,7,1,"moderate","yes","no","no",7,6,NA,79.48,3,6,12,NA,0,120
869,"female",41,1977,"White","no","White",20,2,3,75.5,59,3,5,"none","no","yes","yes",4,4,1,NA,1,1,0,3,200,120
870,"female",29,1989,"White","no","White",15,2,1,41.1,53,0,1,"moderate","no",NA,"yes",2,4,1,NA,1,1,11,3,100,120
871,"female",42,1976,"AfricanAmerican","no","AfricanAmerican",8,6,4,23.3,25,0,6,"liberal","no","yes","no",4,4,NA,69.31,1,0,10,NA,0,10
872,"female",89,1929,"White","no","White",12,2,2,38.8,47,0,6,"liberal","no","no","yes",3,4,3,68.33,1,1,0,5,0,90
873,"female",52,1966,"White","no","White",16,4,1,26.1,48,3,1,"moderate","no",NA,"yes",7,4,2,NA,1,2,10,2,100,120
874,"male",78,1940,"White","no","White",16,3,1,43,38,0,6,"liberal","no",NA,"yes",3,1,3,NA,1,0,10,4,0,120
875,"male",77,1941,"White","no","White",12,6,1,59.1,53,6,5,"none","yes","yes","yes",7,6,NA,81.63,2,3,12,NA,110,120
876,"female",42,1976,"White","no","White",16,0,3,75.7,63,2,6,"liberal","no","yes","yes",1,3,3,NA,1,4,0,0,240,130
877,"male",45,1973,"White","no","White",16,2,1,76.3,60,8,1,"moderate","no",NA,"yes",7,6,1,NA,1,3,3,2,200,120
878,"female",64,1954,"White","no","White",16,1,1,71.4,62,0,6,"liberal","no","no","no",4,4,3,NA,1,3,0,1,100,120
879,"female",83,1935,"White","no","White",12,1,3,39.7,31,0,6,"liberal","no","yes","no",4,1,4,89.57,1,0,0,0,0,90
880,"female",49,1969,"White","no","White",17,0,1,67.8,52,3,2,"moderate","yes",NA,"no",1,2,3,NA,1,0,11,1,200,120
881,"female",31,1987,"White","no","White",17,2,1,61.9,51,2,1,"moderate","no","no","yes",6,5,3,78.8,2,4,0,3,180,120
882,"female",42,1976,"White","no","White",16,2,1,89.4,61,8,1,"fundamentalist","no","no","no",6,5,2,NA,1,4,0,1,130,120
883,"female",25,1993,"White","no","White",14,1,4,26.8,35,5,1,"moderate","no",NA,"no",4,2,2,NA,1,2,8,0,0,110
884,"male",47,1971,"White","no","White",16,4,1,51.7,31,7,1,"fundamentalist","no","no","yes",6,6,2,NA,1,2,0,2,160,120
885,"female",48,1970,"White","no","White",16,3,1,84.2,64,2,2,"moderate","yes",NA,"yes",5,4,3,NA,1,1,9,2,200,120
886,"female",53,1965,"White","no","White",12,3,2,24.2,48,0,1,"moderate","yes","no","yes",6,4,NA,54.95,3,0,12,NA,130,110
887,"male",57,1961,"White","no","White",18,2,3,84,73,2,1,"fundamentalist","no","yes","yes",2,3,2,71.24,2,8,0,2,180,120
888,"female",84,1934,"White","no","White",12,2,2,56.9,49,7,1,"fundamentalist","no",NA,"no",4,5,2,NA,1,0,0,1,0,110
889,"female",83,1935,"White","no","White",14,0,2,20.8,39,7,1,"liberal","no","no","yes",2,4,NA,92.06,3,7,12,NA,0,90
890,"female",68,1950,"White","no","White",16,1,2,50,45,2,1,"liberal","no","yes","yes",3,4,2,70.13,3,3,0,4,140,120
891,"male",64,1954,"White","no","White",12,0,4,27,38,1,1,"fundamentalist","no","yes","yes",6,3,NA,70.6,1,3,12,NA,0,100
892,"female",63,1955,"White","no","White",16,0,3,76.7,56,5,6,"none","no",NA,"no",1,2,4,NA,1,5,12,4,160,120
893,"female",70,1948,"White","no","White",12,3,2,54.6,41,3,2,"moderate","no","yes","yes",2,4,NA,30.87,1,4,9,NA,0,90
894,"male",21,1997,"AfricanAmerican","no","AfricanAmerican",15,0,4,35.83,38,7,1,"moderate","no","yes","no",3,3,NA,62.18,4,1,8,NA,0,120
895,"male",29,1989,"AfricanAmerican","no","AfricanAmerican",12,0,4,23.8,25,0,6,"liberal","no","no","no",4,4,3,69.61,1,0,0,5,120,120
896,"male",56,1962,"AfricanAmerican","no","AfricanAmerican",13,2,3,32,35,0,6,"liberal","no",NA,"no",3,4,2,NA,1,0,6,2,200,120
897,"male",27,1991,"AfricanAmerican","no","AfricanAmerican",16,0,4,57.4,50,3,1,"fundamentalist","no",NA,"no",2,4,2,NA,1,0,11,1,150,120
898,"female",53,1965,"White","no","White",12,1,1,34.1,35,0,2,"moderate","no","yes","yes",3,6,NA,77.83,1,1,6,NA,0,110
899,"male",68,1950,"White","no","White",12,2,1,48.3,38,0,1,"moderate","no","yes","yes",4,4,2,48.33,2,0,0,6,0,110
900,"male",44,1974,"White","no","White",12,2,3,26.8,35,0,2,"moderate","no",NA,"yes",3,5,3,NA,1,1,12,0,220,120
901,"female",68,1950,"White","no","White",11,2,1,37.2,55,2,2,"moderate","yes","no","no",1,4,NA,76,1,1,3,NA,0,120
902,"male",39,1979,"White","no","White",12,2,4,30.9,24,0,2,"moderate","no","yes","yes",2,4,3,61.06,1,1,0,2,190,120
903,"male",57,1961,"White","no","White",12,0,3,26.8,35,2,1,"liberal","no","yes","yes",6,4,NA,30.43,1,1,1,NA,160,120
904,"male",25,1993,"AfricanAmerican","no","AfricanAmerican",12,0,4,17.1,24,5,1,"fundamentalist","no","yes","no",4,7,2,88.96,1,0,0,3,160,120
905,"female",42,1976,"AfricanAmerican","no","AfricanAmerican",13,3,4,39.7,31,6,6,"liberal","no",NA,"no",4,6,3,NA,1,3,11,2,30,90
906,"male",25,1993,"AfricanAmerican","no","AfricanAmerican",13,0,4,35.14,38,0,6,"liberal","no","yes","no",4,4,NA,52.67,1,0,5,NA,0,10
907,"female",19,1999,"AfricanAmerican","no","AfricanAmerican",12,0,4,14,21,8,6,"liberal","no","yes","yes",4,2,2,NA,1,5,0,4,20,50
908,"female",66,1952,"AfricanAmerican","no","AfricanAmerican",12,4,4,14,21,6,6,"none","yes",NA,"yes",4,7,1,NA,1,0,11,6,0,90
909,"male",74,1944,"AfricanAmerican","no","AfricanAmerican",14,2,3,69.3,53,0,1,"fundamentalist","yes",NA,"no",4,4,4,NA,1,1,12,3,0,120
911,"female",26,1992,"AfricanAmerican","no","AfricanAmerican",12,1,4,12.6,25,5,1,"fundamentalist","no","yes","yes",3,7,3,NA,1,4,0,7,10,120
912,"male",69,1949,"AfricanAmerican","no","AfricanAmerican",14,2,2,29.9,33,7,2,"moderate","no",NA,"no",2,6,3,NA,1,3,6,2,140,110
913,"female",27,1991,"White","yes","Latinx",15,0,1,45.3,17,0,1,"moderate","no","yes","yes",2,5,2,NA,1,3,0,1,160,120
914,"male",53,1965,"White","no","White",14,0,4,24,35,0,6,"liberal","no","yes","yes",4,4,3,68.59,1,1,0,2,190,120
915,"male",35,1983,"White","no","White",10,3,3,81,63,0,6,"liberal","no","yes","yes",4,4,3,61.8,2,3,0,1,190,120
916,"female",32,1986,"White","no","White",14,1,1,52,46,0,6,"liberal","yes",NA,"no",2,4,3,NA,1,1,7,1,150,120
917,"female",19,1999,"White","no","White",11,0,4,22.4,33,0,5,"none","no","yes","no",4,2,NA,40.59,1,0,8,NA,0,120
918,"male",56,1962,"White","no","White",14,4,1,23.7,35,1,1,"fundamentalist","no","no","yes",6,5,2,NA,1,1,0,3,170,120
919,"male",69,1949,"White","no","White",14,2,3,25.2,28,3,1,"none","yes","no","yes",4,5,NA,71.62,1,2,1,NA,0,120
920,"female",66,1952,"White","no","White",12,1,1,43.1,43,0,2,"moderate","no","yes","no",3,1,2,51.4,1,2,0,4,0,120
921,"female",69,1949,"White","no","White",20,3,2,84.2,64,7,1,"liberal","no","no","yes",4,3,NA,91.9,3,5,7,NA,0,110
922,"male",43,1975,"White","no","White",12,2,4,39.2,45,0,1,"fundamentalist","no",NA,"yes",4,4,2,NA,1,1,10,0,160,120
923,"female",43,1975,"White","no","White",12,6,3,12.6,25,0,1,"fundamentalist","no","no","no",7,7,2,81.18,5,4,0,0,150,120
924,"female",44,1974,"White","yes","Latinx",16,2,1,44.6,36,6,1,"none","yes",NA,"yes",6,5,2,NA,1,0,12,2,100,120
925,"male",58,1960,"White","no","White",16,2,2,67.7,39,3,1,"liberal","yes",NA,"yes",1,3,3,NA,1,0,4,7,240,120
926,"male",38,1980,"White","no","White",12,2,1,25.2,28,5,1,"moderate","no","no","yes",4,4,2,69.41,2,3,0,2,110,110
927,"female",49,1969,"White","no","White",17,4,1,54.6,41,7,2,"moderate","yes",NA,"yes",5,4,1,NA,1,1,12,2,0,120
928,"male",51,1967,"White","no","White",12,2,1,59.1,53,0,6,"liberal","no","no","yes",6,6,2,NA,1,1,0,1,210,120
929,"female",59,1959,"White","no","White",20,2,1,80.9,61,7,1,"fundamentalist","yes","yes","yes",7,6,NA,82.73,4,3,9,NA,160,120
930,"male",68,1950,"White","no","White",14,1,3,28.7,44,0,6,"liberal","no",NA,"no",2,3,4,NA,1,0,12,2,0,80
931,"male",73,1945,"White","no","White",18,1,1,86.5,73,0,1,"liberal","no","yes","yes",6,7,1,77.33,3,5,0,5,0,120
932,"male",67,1951,"White","no","White",18,2,1,80.9,61,1,2,"moderate","no","yes","yes",6,6,NA,88.79,2,4,8,NA,0,120
933,"male",70,1948,"White","no","White",19,2,1,81.6,63,3,1,"moderate","yes",NA,"yes",6,6,3,NA,1,0,12,0,0,120
934,"female",61,1957,"White","no","White",16,4,1,62.1,49,7,1,"moderate","no","yes","yes",7,6,NA,83.36,5,4,8,NA,160,120
935,"female",50,1968,"White","no","White",14,2,1,28.6,48,2,2,"moderate","no","yes","yes",5,4,2,NA,1,0,0,2,180,120
936,"male",67,1951,"White","no","White",16,1,1,53,62,0,1,"liberal","no","yes","no",1,2,NA,90.08,2,3,12,NA,0,120
937,"male",39,1979,"White","no","White",17,2,1,75.6,57,0,1,"moderate","no",NA,"no",4,6,3,NA,1,0,12,1,230,120
938,"female",48,1970,"White","no","White",18,2,1,79.3,63,7,1,"fundamentalist","yes","yes","yes",5,7,NA,78.14,3,2,10,NA,210,120
939,"female",19,1999,"White","no","White",13,0,4,25.7,38,5,1,"moderate","no",NA,"yes",7,6,4,NA,1,0,10,0,20,120
940,"male",58,1960,"White","yes","Latinx",12,4,1,28.3,40,8,1,"fundamentalist","no","no","no",3,4,4,NA,1,2,0,4,0,90
941,"female",54,1964,"AfricanAmerican","no","AfricanAmerican",14,3,3,46.6,69,5,1,"moderate","no","yes","no",3,4,1,70.76,3,3,0,3,200,120
942,"male",20,1998,"White","no","White",11,0,4,41.88,41,0,5,"none","no","yes","no",3,4,NA,47.4,1,2,8,NA,0,10
943,"female",89,1929,"White","no","White",15,3,2,84.2,64,3,1,"liberal","no","no","no",1,4,2,NA,1,6,0,4,0,110
944,"female",44,1974,"White","yes","Latinx",11,3,1,57,52,5,2,"moderate","no",NA,"yes",4,4,1,NA,1,2,3,2,100,120
945,"male",59,1959,"AfricanAmerican","no","AfricanAmerican",12,3,1,23.7,35,7,6,"liberal","no","yes","yes",4,4,NA,68.98,3,9,0,NA,190,120
946,"female",47,1971,"other","yes","Latinx",17,0,1,38.1,39,0,6,"liberal","no","yes","yes",3,5,1,63.22,1,2,0,4,0,120
947,"female",46,1972,"White","yes","Latinx",18,2,1,63.7,51,7,1,"moderate","no",NA,"no",6,7,2,NA,1,1,12,2,0,120
948,"male",55,1963,"other","no","Other",15,2,1,50.3,42,0,5,"none","no","yes","yes",4,1,NA,79.24,4,3,8,NA,140,120
949,"male",65,1953,"AfricanAmerican","no","AfricanAmerican",12,5,1,41.6,40,0,1,"fundamentalist","no","yes","yes",7,4,2,NA,1,2,0,2,90,110
950,"female",23,1995,"White","no","White",14,0,4,60.1,46,0,5,"none","no",NA,"no",4,3,2,NA,1,0,6,0,110,110
951,"female",28,1990,"White","yes","Latinx",9,4,1,52,46,8,1,"fundamentalist","no","no","no",2,5,2,NA,1,4,0,1,0,120
952,"female",76,1942,"White","no","White",17,0,2,59.1,38,3,1,"fundamentalist","no",NA,"no",5,6,3,NA,1,0,12,2,50,110
953,"male",45,1973,"White","no","White",14,0,3,73.9,53,1,2,"moderate","no","yes","no",1,2,NA,83.63,2,5,12,NA,190,120
954,"female",40,1978,"White","yes","Latinx",9,2,4,25.2,28,0,1,"fundamentalist","no","no","no",4,4,NA,68.57,1,0,2,NA,0,100
955,"female",77,1941,"White","no","White",12,3,3,23.8,25,0,1,"moderate","no",NA,"no",7,7,1,NA,1,0,2,0,0,90
956,"male",74,1944,"White","no","White",18,0,4,71.7,61,0,6,"liberal","no","yes","no",3,2,NA,70.3,1,5,9,NA,0,120
957,"female",79,1939,"White","no","White",6,3,1,38.8,47,7,1,"liberal","no","no","no",7,6,2,79.65,1,1,0,5,0,120
958,"male",70,1948,"White","no","White",9,5,1,34.7,47,1,1,"fundamentalist","no",NA,"no",2,5,2,NA,1,1,5,7,0,30
959,"male",61,1957,"White","no","White",12,4,1,28.7,44,1,1,"fundamentalist","yes","yes","yes",2,4,NA,58.87,1,4,1,NA,10,90
960,"male",49,1969,"other","yes","Latinx",6,5,1,14,27,2,2,"moderate","no","no","no",4,4,3,NA,1,4,0,3,180,120
961,"male",38,1980,"White","no","White",14,2,1,80.9,61,6,2,"moderate","no",NA,"no",4,4,4,NA,1,3,8,1,160,120
962,"female",25,1993,"White","no","White",16,0,4,67.7,39,3,1,"moderate","no","yes","yes",6,5,NA,68.47,1,2,12,NA,160,120
963,"male",36,1982,"AfricanAmerican","no","AfricanAmerican",16,3,1,57.4,50,4,1,"fundamentalist","no","yes","yes",2,4,2,NA,1,1,0,4,200,120
964,"female",75,1943,"White","no","White",16,2,2,92.8,80,8,1,"fundamentalist","yes","no","yes",7,6,NA,80.99,1,2,11,NA,0,120
965,"male",22,1996,"White","no","White",13,0,1,46.5,50,3,1,"fundamentalist","no","yes","yes",5,6,1,88.32,1,3,0,0,210,120
966,"male",45,1973,"White","no","White",14,1,1,59.8,46,0,1,"moderate","yes",NA,"yes",7,6,1,NA,1,2,6,4,0,120
967,"female",26,1992,"other","yes","Latinx",14,2,4,14,21,2,6,"liberal","no","yes","yes",6,4,NA,66.71,1,2,7,NA,70,100
968,"male",40,1978,"AfricanAmerican","no","AfricanAmerican",14,0,4,57.8,47,7,1,"fundamentalist","no",NA,"yes",1,4,2,NA,1,2,2,3,190,120
969,"female",26,1992,"AfricanAmerican","yes","Latinx",12,3,3,39.7,31,6,1,"moderate","yes","yes","yes",4,1,NA,89.45,1,3,9,NA,220,90
970,"female",60,1958,"other","yes","Latinx",11,3,3,20.7,24,3,2,"moderate","no","yes","no",2,5,2,70.64,1,0,0,4,150,120
971,"male",32,1986,"White","no","White",16,4,1,35.2,48,0,1,"moderate","yes","yes","no",5,4,NA,82.61,1,1,8,NA,200,120
972,"female",54,1964,"White","no","White",13,3,3,79.3,63,4,1,"liberal","no","no","yes",2,3,2,NA,1,1,0,3,190,120
973,"male",27,1991,"White","no","White",12,0,4,13.6,33,0,6,"liberal","no","yes","yes",4,6,2,69.66,1,4,0,5,180,120
974,"female",27,1991,"AfricanAmerican","no","AfricanAmerican",14,1,4,39.2,38,2,1,"moderate","no","yes","yes",4,4,NA,70.43,1,0,6,NA,140,110
975,"male",34,1984,"White","no","White",12,2,4,37.2,55,0,1,"moderate","no",NA,"yes",2,7,2,NA,1,1,9,6,180,120
976,"female",37,1981,"White","no","White",16,2,1,80.9,61,5,1,"moderate","yes","yes","no",5,6,NA,81.88,3,6,12,NA,0,120
977,"male",41,1977,"White","no","White",16,5,1,32,35,5,2,"moderate","yes","no","yes",5,6,NA,77.83,1,3,12,NA,230,120
978,"female",32,1986,"White","no","White",13,2,3,73.9,53,2,4,"none","no","yes","yes",5,3,1,NA,1,3,0,0,260,130
979,"male",43,1975,"White","yes","Latinx",18,0,4,74.8,61,7,1,"moderate","yes",NA,"yes",2,4,3,NA,1,0,9,5,0,90
980,"male",42,1976,"White","no","White",18,2,1,77.4,72,0,6,"liberal","yes","yes","yes",5,2,NA,80.94,3,7,12,NA,210,120
981,"male",57,1961,"White","yes","Latinx",17,2,1,57.4,50,5,2,"moderate","no","no","yes",5,5,2,81.78,2,5,0,1,190,120
982,"female",43,1975,"White","no","White",16,2,1,84.5,74,4,2,"moderate","no",NA,"yes",2,5,4,NA,1,1,9,1,180,120
983,"male",41,1977,"White","no","White",18,0,4,59.8,46,0,2,"moderate","no","yes","yes",6,4,NA,76.52,3,2,12,NA,0,120
984,"male",77,1941,"other","yes","Latinx",13,2,4,52.3,51,2,2,"moderate","no",NA,"yes",2,6,1,NA,1,1,5,4,0,50
985,"male",46,1972,"White","no","White",16,2,1,78.3,51,2,1,"moderate","no","yes","no",2,4,3,NA,1,4,0,1,230,120
986,"female",50,1968,"White","no","White",20,0,4,89.4,61,2,3,"liberal","no",NA,"yes",6,4,1,NA,1,2,12,2,220,120
987,"male",25,1993,"White","no","White",17,0,4,71,58,2,6,"liberal","no",NA,"yes",6,4,3,NA,1,1,12,1,50,120
988,"female",37,1981,"White","no","White",16,0,1,87.9,60,0,3,"liberal","no","yes","yes",6,4,2,NA,1,0,0,2,220,130
989,"female",60,1958,"White","no","White",13,4,1,28.5,26,2,1,"moderate","no","yes","yes",7,4,NA,51.1,3,2,10,NA,10,120
990,"male",57,1961,"White","no","White",13,2,1,38.8,45,3,5,"none","no","no","yes",6,5,2,68.72,1,2,0,2,100,120
991,"female",38,1980,"other","no","Other",12,2,1,45.42,44,3,4,"none","no",NA,"no",4,4,4,NA,1,1,0,1,0,80
992,"male",25,1993,"White","no","White",14,0,4,23.3,25,0,6,"liberal","no","yes","yes",4,4,2,NA,1,1,0,7,100,120
993,"male",34,1984,"White","no","White",16,0,4,14.8,22,0,6,"liberal","no",NA,"no",1,1,3,NA,1,1,12,0,70,120
994,"male",65,1953,"White","no","White",13,1,1,67.7,39,4,1,"liberal","no","yes","yes",7,7,2,75.66,2,5,0,3,0,120
995,"female",34,1984,"White","no","White",12,0,4,38.3,45,2,6,"liberal","no",NA,"yes",4,1,4,NA,1,0,11,2,180,120
996,"female",34,1984,"White","no","White",15,0,4,59.1,38,0,2,"moderate","no","yes","no",4,2,NA,79.49,2,4,10,NA,110,100
997,"female",40,1978,"White","no","White",14,5,4,41.1,53,3,6,"liberal","no","yes","no",4,6,NA,59.82,2,0,12,NA,0,60
998,"female",26,1992,"White","yes","Latinx",15,1,4,64.9,59,0,6,"liberal","no","yes","no",2,4,1,NA,1,0,0,2,0,120
999,"female",23,1995,"White","no","White",13,0,4,43,38,0,6,"liberal","no","yes","yes",3,2,NA,69.93,3,1,11,NA,100,100
1000,"female",24,1994,"White","no","White",12,0,4,42.7,49,1,6,"liberal","no",NA,"yes",5,4,3,NA,1,1,9,1,170,120
1001,"female",28,1990,"White","no","White",16,0,1,41.8,40,1,1,"moderate","no","yes","yes",4,6,2,NA,1,0,0,9,0,120
1002,"female",56,1962,"White","no","White",15,2,3,19.7,45,2,2,"moderate","no","yes","yes",2,3,4,80.31,1,2,0,1,0,120
1003,"male",84,1934,"White","no","White",16,3,1,72.6,66,7,1,"fundamentalist","no","no","yes",7,6,NA,70.51,2,4,8,NA,0,120
1004,"female",42,1976,"White","yes","Latinx",16,3,3,28.5,26,7,1,"fundamentalist","no","no","no",3,7,NA,80.72,3,2,6,NA,90,110
1005,"male",44,1974,"other","no","Other",20,0,4,92.8,80,0,6,"liberal","no","yes","yes",3,3,4,NA,1,0,0,0,160,110
1006,"male",51,1967,"other","no","Other",20,3,3,60.5,61,7,2,"moderate","no","no","no",4,3,4,NA,1,4,0,1,220,120
1007,"male",61,1957,"AfricanAmerican","no","AfricanAmerican",16,3,3,76.3,60,2,6,"none","no","yes","no",3,2,NA,79.27,3,6,12,NA,180,120
1008,"female",37,1981,"White","no","White",16,2,1,80.9,61,0,6,"liberal","no","yes","yes",2,2,NA,78.89,1,1,8,NA,210,120
1009,"male",39,1979,"White","no","White",16,2,3,64.2,53,2,2,"moderate","no","yes","yes",6,5,2,70.78,1,2,0,3,180,120
1010,"male",65,1953,"other","no","Other",18,2,3,83.4,61,0,6,"liberal","no","yes","yes",5,2,3,NA,1,3,0,0,260,120
1011,"female",39,1979,"White","no","White",14,2,2,24.2,48,0,5,"none","no",NA,"no",1,2,2,NA,1,1,9,3,120,120
1012,"female",26,1992,"AfricanAmerican","no","AfricanAmerican",13,0,4,20.7,24,0,6,"liberal","no","yes","yes",6,3,NA,77.97,2,4,6,NA,150,120
1013,"female",55,1963,"White","no","White",16,5,1,62,45,2,2,"moderate","no","yes","yes",7,6,2,NA,1,5,0,2,210,120
1014,"female",51,1967,"White","no","White",16,2,1,84.2,64,7,2,"moderate","no",NA,"no",7,7,2,NA,1,1,8,3,210,120
1015,"female",50,1968,"White","no","White",16,0,4,71.8,64,3,2,"moderate","no","yes","yes",2,4,2,NA,1,2,0,2,220,120
1016,"male",61,1957,"White","no","White",14,2,1,36.4,44,2,1,"fundamentalist","no","yes","yes",5,5,NA,77.72,2,4,5,NA,180,120
1017,"female",19,1999,"White","no","White",13,0,4,17,34,7,2,"moderate","yes",NA,"no",6,6,2,NA,1,2,12,2,30,100
1018,"female",42,1976,"AfricanAmerican","no","AfricanAmerican",14,3,4,52,46,7,1,"fundamentalist","no","no","no",1,2,2,NA,1,2,0,7,180,120
1019,"male",30,1988,"other","yes","Latinx",13,2,1,13.6,33,1,2,"moderate","no",NA,"yes",3,4,2,NA,1,1,6,1,160,120
1020,"female",60,1958,"White","no","White",18,0,4,80.9,61,7,1,"fundamentalist","no","no","yes",1,4,NA,61.1,3,4,6,NA,0,100
1021,"female",46,1972,"AfricanAmerican","no","AfricanAmerican",13,3,4,69.3,53,1,1,"liberal","no","yes","yes",1,4,1,51.73,1,4,0,3,180,120
1022,"female",35,1983,"White","no","White",12,2,4,26.1,48,2,2,"moderate","no","no","no",2,4,2,72.14,2,7,0,5,140,120
1023,"female",75,1943,"AfricanAmerican","no","AfricanAmerican",12,0,2,23.3,27,3,1,"fundamentalist","no",NA,"yes",1,3,2,NA,1,0,12,10,0,100
1024,"female",35,1983,"White","no","White",10,0,1,51.37,46,3,1,"moderate","no","yes","yes",3,4,NA,80.87,1,7,8,NA,0,80
1025,"male",34,1984,"White","no","White",16,4,1,46,49,7,1,"moderate","yes",NA,"no",6,7,2,NA,1,1,12,0,260,130
1026,"male",58,1960,"White","no","White",14,4,3,46,49,5,2,"moderate","no","yes","yes",7,6,2,78.26,3,3,0,3,220,120
1027,"male",55,1963,"White","no","White",12,2,2,35.3,42,7,2,"moderate","yes",NA,"yes",7,6,1,NA,1,2,2,1,240,120
1028,"male",86,1932,"White","no","White",16,3,2,89.1,62,2,2,"moderate","no","no","yes",3,3,NA,71.31,1,1,11,NA,0,120
1029,"male",54,1964,"White","no","White",12,0,4,26.8,35,0,6,"liberal","yes",NA,"yes",7,6,1,NA,1,0,12,0,180,120
1030,"female",44,1974,"White","no","White",16,0,3,59.9,42,7,1,"liberal","no","no","yes",6,6,1,NA,1,1,0,1,190,120
1031,"male",55,1963,"White","no","White",12,1,4,83.8,70,0,2,"moderate","yes",NA,"yes",5,5,4,NA,1,4,11,4,220,120
1032,"female",58,1960,"White","no","White",14,2,2,46.6,69,7,2,"moderate","no","yes","yes",2,3,NA,68.92,3,4,12,NA,0,110
1033,"male",54,1964,"White","no","White",15,1,3,23.3,25,7,2,"moderate","no","no","yes",7,6,NA,79.75,4,5,12,NA,190,120
1034,"female",31,1987,"White","no","White",16,2,3,59.1,38,0,6,"liberal","yes","yes","yes",5,4,NA,68.5,1,4,12,NA,170,120
1035,"male",51,1967,"White","no","White",15,0,4,20.7,24,0,2,"moderate","no",NA,"no",5,4,1,NA,1,1,7,4,20,90
1036,"male",39,1979,"White","no","White",10,2,4,68,50,3,1,"fundamentalist","no","yes","yes",3,4,1,NA,1,3,0,7,180,120
1037,"female",86,1932,"White","no","White",12,3,2,13.6,33,2,4,"none","no","yes","yes",2,4,NA,88.29,1,3,5,NA,0,120
1038,"male",54,1964,"White","no","White",16,2,3,82.5,64,0,6,"liberal","no","yes","yes",6,5,2,80.15,1,5,0,2,210,120
1039,"male",26,1992,"AfricanAmerican","no","AfricanAmerican",12,4,4,36.48,38,0,6,"liberal","no",NA,"yes",4,3,2,NA,1,0,10,4,0,100
1040,"female",37,1981,"White","no","White",18,2,1,87.3,65,3,1,"liberal","yes",NA,"yes",3,3,2,NA,1,1,8,1,210,120
1041,"male",45,1973,"White","no","White",16,3,3,67.7,39,0,6,"liberal","yes","yes","yes",6,5,NA,70.78,2,0,12,NA,260,120
1042,"female",70,1948,"AfricanAmerican","no","AfricanAmerican",14,3,1,62.1,45,8,1,"moderate","no",NA,"no",2,3,2,NA,1,0,12,3,0,120
1043,"male",43,1975,"other","no","Other",20,2,1,87.9,60,7,5,"none","no",NA,"no",3,4,2,NA,1,2,8,1,200,120
1044,"male",23,1995,"White","no","White",14,0,4,59.4,65,0,3,"liberal","no","yes","yes",4,4,3,NA,1,6,0,2,130,110
1045,"female",42,1976,"other","no","Other",17,3,4,68.6,53,7,1,"fundamentalist","no",NA,"no",1,5,3,NA,1,1,10,2,150,120
1046,"female",86,1932,"White","no","White",14,6,2,63.7,33,7,1,"liberal","no",NA,"no",3,3,2,NA,1,1,11,3,0,110
1047,"female",72,1946,"White","no","White",12,2,3,24.2,48,0,1,"liberal","yes","yes","yes",7,7,NA,71.36,1,2,10,NA,0,120
1048,"female",55,1963,"White","no","White",18,1,3,25.7,38,1,1,"liberal","no","no","no",2,4,NA,81.94,1,10,9,NA,10,120
1049,"male",69,1949,"AfricanAmerican","no","AfricanAmerican",11,0,2,13.6,33,5,1,"fundamentalist","no","yes","no",2,5,NA,80.77,1,6,2,NA,0,90
1050,"female",89,1929,"AfricanAmerican","no","AfricanAmerican",6,0,2,21.8,35,8,1,"fundamentalist","no","no","yes",1,4,1,NA,1,4,0,11,0,100
1051,"male",68,1950,"AfricanAmerican","no","AfricanAmerican",10,8,3,53.5,37,5,1,"fundamentalist","yes",NA,"yes",1,3,1,NA,1,1,3,7,0,90
1052,"female",45,1973,"White","no","White",12,0,4,12.6,25,7,1,"moderate","no","no","no",7,7,2,79.01,4,1,0,1,150,120
1053,"female",18,2000,"White","yes","Latinx",12,0,4,40.33,40,4,1,"moderate","no",NA,"yes",2,5,3,NA,1,1,4,3,100,110
1054,"male",22,1996,"White","no","White",13,0,4,14,33,3,2,"moderate","no","yes","yes",1,2,1,NA,1,3,0,1,90,90
1055,"female",66,1952,"White","no","White",12,2,1,60.3,39,0,1,"moderate","yes","yes","yes",5,3,NA,81.2,3,4,9,NA,0,120
1056,"male",66,1952,"White","no","White",13,3,3,28.5,26,0,1,"fundamentalist","no",NA,"no",1,1,3,NA,1,1,9,3,0,90
1057,"male",21,1997,"White","no","White",9,0,4,43,38,6,1,"liberal","no","no","yes",5,4,NA,81.46,1,3,6,NA,100,120
1058,"male",65,1953,"White","no","White",12,4,1,28.4,38,0,1,"moderate","no","yes","yes",6,6,2,84.39,1,4,0,2,160,120
1059,"male",29,1989,"White","no","White",13,0,1,21.6,28,7,1,"fundamentalist","yes",NA,"no",4,4,1,NA,1,0,12,1,0,110
1060,"female",50,1968,"White","no","White",13,4,1,12.6,25,7,1,"fundamentalist","no","yes","yes",3,4,2,NA,1,1,0,4,30,120
1061,"male",65,1953,"White","no","White",12,0,3,23.3,25,3,1,"liberal","no",NA,"yes",6,6,2,NA,1,0,11,5,90,120
1062,"male",53,1965,"White","no","White",11,1,3,54.6,41,7,1,"fundamentalist","yes","yes","yes",4,4,NA,58.82,1,3,4,NA,10,60
1063,"female",32,1986,"White","no","White",14,3,1,38.8,47,5,1,"fundamentalist","yes",NA,"no",5,6,2,NA,1,1,7,1,0,120
1064,"female",47,1971,"White","no","White",12,2,3,39.7,31,2,1,"moderate","no","yes","yes",7,6,2,NA,1,1,0,0,160,120
1065,"male",58,1960,"other","yes","Latinx",12,7,1,14.8,22,2,2,"moderate","no",NA,"no",2,4,1,NA,1,1,5,4,130,110
1066,"female",44,1974,"White","no","White",15,6,3,84.2,64,0,1,"moderate","no","yes","no",6,6,NA,68.74,1,4,12,NA,200,120
1067,"male",50,1968,"White","no","White",11,1,3,20.5,36,0,1,"fundamentalist","no","yes","yes",5,5,1,NA,1,1,0,3,0,70
1068,"male",51,1967,"White","no","White",15,2,3,73.9,53,0,6,"liberal","yes","yes","yes",5,4,NA,70.06,1,4,11,NA,200,120
1069,"female",53,1965,"other","no","Other",13,3,2,61.9,51,7,1,"moderate","yes",NA,"yes",6,5,1,NA,1,0,12,0,190,120
1070,"female",44,1974,"AfricanAmerican","no","AfricanAmerican",14,5,4,65.3,47,2,1,"none","no","yes","no",2,6,NA,71.12,1,2,12,NA,90,120
1071,"male",40,1978,"White","no","White",13,1,4,28.3,40,1,2,"moderate","no","yes","yes",7,2,2,NA,1,5,0,5,0,120
1072,"female",56,1962,"AfricanAmerican","no","AfricanAmerican",11,3,4,17.1,24,3,1,"fundamentalist","no","yes","no",4,3,3,47.93,3,2,0,4,0,110
1073,"female",52,1966,"AfricanAmerican","no","AfricanAmerican",16,7,3,32.6,37,0,6,"liberal","no","no","yes",1,4,2,NA,1,2,0,8,10,20
1074,"female",65,1953,"AfricanAmerican","no","AfricanAmerican",13,1,2,20.1,48,7,1,"liberal","no",NA,"yes",1,4,2,NA,1,0,4,4,10,100
1075,"female",37,1981,"White","no","White",14,4,1,65.3,47,0,2,"moderate","no","yes","yes",5,5,NA,66.52,1,2,4,NA,150,120
1076,"male",50,1968,"White","no","White",16,2,1,68.6,50,5,2,"moderate","no","yes","yes",5,5,3,81.46,3,2,0,1,190,120
1077,"female",27,1991,"White","no","White",15,0,3,27,38,0,1,"moderate","no","no","no",6,5,2,NA,1,2,0,1,120,100
1078,"female",49,1969,"White","no","White",16,2,1,68.6,50,2,6,"liberal","yes",NA,"no",1,3,4,NA,1,0,12,1,190,120
1079,"male",41,1977,"White","yes","Latinx",8,2,4,24,35,7,2,"moderate","no","yes","yes",5,4,NA,71.78,3,5,3,NA,0,10
1080,"male",72,1946,"White","yes","Latinx",14,3,1,53.6,56,7,2,"moderate","yes",NA,"yes",1,4,3,NA,1,1,10,8,0,120
1081,"male",42,1976,"White","yes","Latinx",12,0,3,38.3,40,7,2,"moderate","yes","no","yes",4,4,NA,79.29,3,7,11,NA,160,120
1082,"male",24,1994,"White","no","White",13,0,4,45.4,49,3,6,"liberal","no",NA,"no",3,1,4,NA,1,0,12,2,160,120
1083,"male",31,1987,"other","yes","Latinx",9,2,4,28.7,44,4,2,"moderate","no","yes","yes",3,4,3,90.95,1,1,0,3,150,120
1084,"female",33,1985,"White","yes","Latinx",13,4,1,25.7,38,2,6,"liberal","no","yes","no",4,4,NA,89.88,1,0,7,NA,150,120
1085,"female",69,1949,"White","yes","Latinx",9,3,3,20.1,48,6,2,"moderate","no","no","no",1,2,NA,75.8,3,3,12,NA,100,120
1086,"female",46,1972,"White","no","White",16,3,3,68.6,53,2,1,"moderate","no","yes","yes",4,3,1,76.82,3,1,0,3,200,120
1087,"female",71,1947,"White","yes","Latinx",9,4,1,38.3,50,8,2,"moderate","yes",NA,"no",2,4,3,NA,1,1,6,5,0,120
1088,"female",22,1996,"White","no","White",16,0,4,41.9,42,0,6,"liberal","yes","no","yes",5,4,NA,68.71,3,3,11,NA,0,110
1089,"male",53,1965,"White","no","White",14,3,1,28.7,44,7,2,"moderate","no","yes","yes",7,5,2,NA,1,4,0,3,190,120
1090,"male",30,1988,"White","no","White",16,0,1,91.1,69,2,2,"moderate","no","yes","yes",6,5,4,89.9,3,4,0,3,200,120
1091,"male",61,1957,"White","no","White",16,2,1,85.2,65,6,1,"moderate","no",NA,"yes",7,6,2,NA,1,1,12,1,220,120
1092,"male",39,1979,"other","no","Other",18,2,1,83.8,60,8,2,"moderate","no","no","yes",6,5,NA,80.22,4,3,3,NA,220,120
1093,"male",27,1991,"White","no","White",16,0,1,56.9,49,4,2,"moderate","no","yes","no",5,5,2,NA,1,4,0,1,0,110
1094,"male",71,1947,"White","no","White",16,2,3,89.3,75,6,1,"moderate","yes",NA,"yes",5,6,2,NA,1,3,8,5,0,120
1095,"female",60,1958,"White","no","White",12,0,1,52,46,3,1,"liberal","no","yes","yes",7,4,NA,79.04,3,4,9,NA,210,130
1096,"male",47,1971,"White","no","White",17,2,3,39.6,42,0,6,"liberal","yes","yes","no",3,3,NA,73.89,3,0,12,NA,190,120
1097,"male",33,1985,"White","no","White",14,0,1,63.7,33,4,2,"moderate","no","yes","no",2,3,NA,69.41,2,5,11,NA,180,120
1098,"male",29,1989,"White","no","White",17,0,4,68.6,50,1,6,"liberal","no",NA,"no",1,1,2,NA,1,0,12,3,160,120
1099,"female",60,1958,"AfricanAmerican","no","AfricanAmerican",13,0,3,57.8,47,3,1,"moderate","yes",NA,"no",4,3,1,NA,1,0,9,2,180,120
1100,"female",27,1991,"AfricanAmerican","no","AfricanAmerican",13,4,4,23.3,25,1,6,"liberal","no","yes","no",4,3,NA,69.6,1,3,7,NA,150,120
1101,"male",30,1988,"White","no","White",9,0,4,13.6,33,4,6,"liberal","no",NA,"yes",4,4,2,NA,1,0,12,0,50,120
1102,"female",24,1994,"White","no","White",13,0,4,19.6,31,0,6,"liberal","no","yes","no",3,3,NA,48.58,1,2,12,NA,20,110
1103,"male",57,1961,"White","no","White",12,0,4,61.4,46,2,1,"moderate","no","yes","yes",4,4,1,73.86,3,1,0,2,80,110
1104,"male",19,1999,"White","no","White",12,0,4,23.3,25,0,6,"liberal","no",NA,"yes",5,4,2,NA,1,0,10,0,0,110
1105,"male",55,1963,"White","no","White",11,0,4,61.2,43,0,6,"liberal","no","yes","yes",5,4,NA,60.55,1,1,4,NA,180,120
1106,"female",75,1943,"AfricanAmerican","no","AfricanAmerican",12,3,3,24.2,48,4,1,"fundamentalist","no","yes","no",2,7,2,69.73,1,1,0,1,190,120
1107,"male",50,1968,"AfricanAmerican","no","AfricanAmerican",13,1,1,64.9,59,2,1,"fundamentalist","yes",NA,"yes",3,4,1,NA,1,0,4,2,210,120
1108,"male",70,1948,"White","no","White",17,3,1,38.1,39,0,1,"fundamentalist","yes","yes","yes",6,6,NA,68.99,1,0,12,NA,130,120
1109,"male",65,1953,"White","no","White",18,2,3,25,35,4,2,"moderate","yes",NA,"yes",2,3,2,NA,1,0,10,3,0,120
1110,"female",28,1990,"White","no","White",16,1,1,71.4,62,0,6,"liberal","no","yes","yes",3,2,NA,76.93,3,0,11,NA,0,110
1111,"female",57,1961,"White","no","White",12,5,1,84.5,74,0,6,"liberal","yes",NA,"yes",2,3,2,NA,1,0,12,2,170,120
1112,"male",48,1970,"White","no","White",18,5,1,70.5,48,3,1,"moderate","no","yes","yes",4,4,2,81.94,2,4,0,3,80,120
1113,"female",18,2000,"White","no","White",12,0,4,12.6,25,0,6,"liberal","no","yes","no",4,2,NA,70.11,1,3,3,NA,0,90
1114,"male",27,1991,"White","no","White",15,0,1,18.6,37,5,1,"moderate","no","yes","no",5,5,2,NA,1,1,0,1,90,120
1115,"male",41,1977,"White","no","White",12,0,1,32,35,0,5,"none","no",NA,"no",4,2,3,NA,1,0,12,1,10,120
1116,"female",69,1949,"White","no","White",18,0,4,80.9,61,0,1,"liberal","no","no","yes",4,4,1,67.78,3,2,0,2,0,100
1117,"female",32,1986,"AfricanAmerican","no","AfricanAmerican",15,1,4,24.6,36,6,1,"fundamentalist","yes",NA,"yes",2,3,1,NA,1,0,11,3,140,120
1118,"female",21,1997,"AfricanAmerican","no","AfricanAmerican",12,0,4,34.43,38,3,2,"moderate","no","no","no",4,4,2,NA,1,6,0,10,0,10
1119,"female",30,1988,"AfricanAmerican","no","AfricanAmerican",12,1,4,38.1,39,0,6,"liberal","no",NA,"no",4,4,1,NA,1,0,8,4,150,120
1120,"female",66,1952,"White","no","White",12,6,3,38.8,47,3,2,"moderate","no","yes","yes",3,3,NA,70.15,2,4,10,NA,0,90
1121,"female",59,1959,"other","no","Other",15,2,3,60.2,46,0,6,"liberal","no","yes","yes",5,4,1,77.21,2,0,0,2,60,120
1122,"female",22,1996,"other","yes","Latinx",12,1,4,61.2,43,7,2,"moderate","no",NA,"no",4,4,1,NA,1,1,12,1,60,120
1123,"male",31,1987,"White","no","White",16,0,4,54.6,56,0,6,"liberal","no",NA,"yes",1,2,1,NA,1,0,8,2,160,120
1124,"female",50,1968,"White","no","White",16,3,3,61.4,46,0,4,"none","no","no","no",4,4,2,63.53,5,1,0,1,140,120
1125,"male",21,1997,"White","no","White",15,0,4,42.9,35,2,1,"moderate","no",NA,"yes",7,6,2,NA,1,1,10,2,40,100
1126,"male",29,1989,"White","no","White",16,0,1,71.7,61,8,1,"moderate","no","no","no",2,3,NA,83.64,3,5,12,NA,180,120
1127,"female",21,1997,"White","no","White",15,0,4,41.75,42,0,2,"moderate","no","yes","yes",5,4,2,NA,1,7,0,2,40,40
1128,"female",21,1997,"other","no","Other",15,0,4,19.6,31,0,6,"liberal","no","yes","no",1,1,NA,76.57,2,1,9,NA,30,120
1129,"male",25,1993,"White","no","White",17,0,4,26.1,48,7,2,"moderate","no","yes","no",1,2,3,70.4,2,6,0,2,0,110
1130,"male",22,1996,"White","no","White",16,0,4,29.6,30,3,1,"liberal","yes",NA,"yes",6,5,2,NA,1,3,12,2,200,120
1131,"male",23,1995,"AfricanAmerican","yes","Latinx",13,1,4,20.7,24,0,6,"none","no","yes","no",3,4,NA,59.64,2,0,12,NA,0,90
1132,"male",21,1997,"White","no","White",14,0,4,44.55,44,3,1,"liberal","no",NA,"no",1,2,2,NA,1,0,12,3,0,110
1133,"male",21,1997,"White","no","White",15,0,4,25.7,38,0,6,"liberal","no","yes","yes",2,3,NA,70.72,1,2,6,NA,20,90
1134,"male",55,1963,"White","no","White",16,2,1,69.3,53,3,1,"moderate","no","yes","yes",3,2,3,91.25,3,1,0,2,260,130
1135,"male",63,1955,"White","no","White",20,8,1,91.1,69,7,1,"fundamentalist","no","no","no",7,4,NA,73.47,5,8,10,NA,180,120
1136,"female",86,1932,"White","no","White",12,1,2,38.8,47,6,1,"liberal","no",NA,"yes",5,6,3,NA,1,4,1,6,0,120
1137,"male",40,1978,"White","no","White",8,4,1,32,35,0,1,"fundamentalist","yes","no","yes",7,4,NA,91.59,1,3,10,NA,190,120
1138,"male",42,1976,"other","yes","Latinx",12,3,1,23.2,28,2,6,"liberal","no","no","no",4,6,1,NA,1,2,0,2,160,120
1139,"female",64,1954,"White","no","White",12,2,3,38.1,39,3,1,"fundamentalist","yes","yes","yes",7,6,NA,81.43,3,0,10,NA,0,110
1140,"female",72,1946,"White","no","White",20,3,3,84.5,74,5,3,"liberal","no",NA,"yes",1,2,4,NA,1,1,11,3,260,120
1141,"male",84,1934,"White","no","White",16,2,1,73.9,53,0,3,"liberal","no","no","yes",1,2,2,80.33,1,7,0,3,20,120
1142,"female",30,1988,"AfricanAmerican","no","AfricanAmerican",14,2,4,43,38,5,1,"fundamentalist","no","yes","yes",4,3,2,NA,1,0,0,4,170,120
1143,"male",33,1985,"White","no","White",12,0,4,38.3,45,2,6,"liberal","no",NA,"no",4,1,2,NA,1,0,11,0,130,110
1144,"male",76,1942,"White","no","White",14,2,2,61.2,43,4,3,"liberal","no","no","yes",4,6,NA,69.82,3,4,11,NA,0,120
1145,"male",28,1990,"other","no","Other",19,0,4,85.2,65,0,5,"none","no","no","no",3,4,2,68.11,1,5,0,2,200,120
1146,"female",23,1995,"AfricanAmerican","no","AfricanAmerican",16,0,4,19.6,31,0,1,"moderate","no","yes","yes",5,4,NA,89.7,1,2,8,NA,130,120
1147,"female",30,1988,"White","yes","Latinx",12,3,1,21.6,28,1,2,"moderate","no","no","yes",2,5,2,NA,1,0,0,6,0,120
1148,"female",29,1989,"other","yes","Latinx",12,0,4,28.6,48,5,2,"moderate","yes",NA,"yes",2,4,2,NA,1,0,12,2,0,110
1149,"male",23,1995,"White","no","White",11,0,3,21.6,28,0,5,"none","no","yes","yes",4,4,NA,80.96,1,4,12,NA,110,110
1150,"male",85,1933,"White","no","White",17,0,4,72.7,58,0,6,"liberal","no","yes","yes",2,4,3,54.52,1,0,0,4,0,90
1151,"male",58,1960,"other","yes","Latinx",9,0,1,23,31,7,1,"fundamentalist","no",NA,"yes",4,4,2,NA,1,1,5,6,210,120
1152,"male",86,1932,"White","no","White",13,1,2,57.8,47,0,6,"liberal","yes","no","no",3,4,NA,80.6,1,1,12,NA,0,120
1153,"male",82,1936,"White","no","White",17,6,1,86.1,67,7,1,"fundamentalist","no","no","yes",6,6,2,NA,1,5,0,3,10,120
1154,"male",50,1968,"AfricanAmerican","no","AfricanAmerican",12,8,1,12.6,25,5,1,"fundamentalist","no",NA,"no",1,4,2,NA,1,2,11,5,140,110
1155,"male",55,1963,"AfricanAmerican","no","AfricanAmerican",13,1,4,20.7,24,7,6,"liberal","no","no","yes",4,1,2,63.37,3,0,0,4,220,120
1156,"female",41,1977,"other","yes","Latinx",16,3,3,38.63,42,3,2,"moderate","yes",NA,"yes",3,4,1,NA,1,1,12,3,190,120
1157,"male",22,1996,"other","yes","Latinx",14,0,4,17,34,1,6,"liberal","no","yes","no",4,3,NA,71.37,2,2,11,NA,120,120
1158,"male",28,1990,"White","yes","Latinx",14,3,1,57.8,47,8,1,"fundamentalist","no","no","yes",7,7,3,NA,1,9,0,1,190,120
1159,"female",87,1931,"AfricanAmerican","no","AfricanAmerican",12,5,3,37.6,31,8,1,"fundamentalist","no",NA,"no",1,3,1,NA,1,0,12,6,0,120
1160,"male",64,1954,"other","no","Other",16,3,1,82.5,64,6,2,"moderate","no","no","yes",7,6,3,NA,1,4,0,6,190,120
1161,"female",18,2000,"White","no","White",11,0,4,41.32,41,6,2,"moderate","yes",NA,"no",5,4,NA,NA,1,1,9,2,0,110
1162,"female",73,1945,"White","no","White",12,1,1,38.8,47,0,1,"fundamentalist","no","yes","yes",1,2,NA,NA,1,2,0,5,0,110
1163,"female",68,1950,"White","yes","Latinx",13,0,1,52,46,0,2,"moderate","no","no","yes",3,4,2,82.27,1,3,0,2,0,110
1164,"female",51,1967,"White","no","White",20,3,1,88.6,69,0,1,"liberal","yes",NA,"yes",7,6,2,NA,1,2,12,4,260,130
1165,"male",67,1951,"White","no","White",16,2,1,61.2,43,0,5,"none","no","yes","yes",4,4,NA,88.2,2,2,12,NA,230,120
1166,"male",81,1937,"White","no","White",16,5,2,91.1,69,0,5,"none","no","yes","no",1,2,2,NA,1,9,0,4,0,110
1167,"male",70,1948,"White","no","White",16,4,3,52.1,41,3,1,"fundamentalist","yes",NA,"yes",6,4,2,NA,1,5,10,2,0,100
1168,"male",63,1955,"White","no","White",12,1,1,45.4,49,3,2,"moderate","no","no","yes",2,6,2,80.99,1,2,0,6,0,120
1169,"female",71,1947,"White","no","White",12,3,1,39.2,38,7,1,"fundamentalist","no","no","yes",6,6,NA,76.82,4,5,0,NA,0,120
1170,"male",34,1984,"White","no","White",16,2,1,59.1,53,4,2,"moderate","yes",NA,"yes",5,5,3,NA,1,3,12,2,220,130
1171,"male",86,1932,"White","no","White",16,3,2,78.3,51,7,1,"liberal","no",NA,"yes",4,4,2,NA,1,2,9,2,190,120
1172,"female",39,1979,"White","no","White",12,0,4,35.8,32,0,6,"liberal","no","no","no",2,3,NA,NA,1,1,0,2,180,120
1173,"male",47,1971,"White","no","White",12,1,3,23.3,25,0,1,"fundamentalist","no",NA,"yes",4,4,4,NA,1,0,12,8,10,120
1174,"female",33,1985,"AfricanAmerican","no","AfricanAmerican",18,2,1,84.2,64,0,1,"moderate","no","yes","no",2,4,NA,60.63,1,1,3,NA,200,120
1175,"male",31,1987,"other","no","Other",16,0,2,51.8,49,0,6,"liberal","no","yes","yes",3,3,1,68.48,1,3,0,1,170,120
1176,"female",57,1961,"White","no","White",12,1,1,24.6,36,4,1,"fundamentalist","no",NA,"yes",6,5,3,NA,1,2,3,2,170,120
1177,"male",35,1983,"White","yes","Latinx",13,1,1,37.2,55,3,2,"moderate","no","yes","yes",4,4,2,NA,1,1,0,2,150,120
1178,"female",65,1953,"White","no","White",12,2,2,57.5,48,0,1,"moderate","no",NA,"no",3,1,2,NA,1,0,11,3,0,120
1179,"male",69,1949,"White","no","White",12,0,4,38.3,40,0,2,"moderate","yes","yes","yes",5,4,NA,80.1,1,5,12,NA,0,120
1180,"female",59,1959,"AfricanAmerican","no","AfricanAmerican",12,2,3,23.3,29,2,6,"liberal","no","no","no",2,1,4,49.42,1,0,0,8,0,30
1181,"male",35,1983,"White","no","White",13,2,1,32.6,50,0,6,"liberal","no","yes","no",2,2,NA,80.05,2,0,10,NA,190,120
1182,"male",37,1981,"White","no","White",13,0,4,23.3,25,7,1,"fundamentalist","no",NA,"yes",6,6,2,NA,1,0,12,2,150,120
1183,"female",51,1967,"White","no","White",12,2,1,77.4,72,3,1,"moderate","yes","no","yes",7,6,NA,79.55,4,5,12,NA,250,130
1184,"male",85,1933,"other","no","Other",10,1,1,52.43,48,4,2,"moderate","no","yes","no",3,4,2,56.66,1,1,0,2,70,120
1185,"female",49,1969,"White","no","White",16,2,1,57.4,50,4,2,"moderate","no",NA,"yes",6,6,3,NA,1,2,9,1,0,120
1186,"female",68,1950,"White","no","White",16,2,1,84.2,64,5,2,"moderate","no","yes","yes",3,3,NA,71.13,4,4,12,NA,0,120
1187,"female",70,1948,"White","no","White",17,2,1,84.2,64,0,1,"moderate","no","no","yes",5,4,3,85.02,1,4,0,3,0,110
1188,"male",74,1944,"White","no","White",12,3,2,28.7,32,0,1,"fundamentalist","yes","yes","yes",1,2,NA,68.93,1,1,12,NA,0,120
1189,"female",68,1950,"White","no","White",12,3,1,35.8,32,7,2,"moderate","no","no","no",7,6,3,NA,1,0,0,1,160,120
1190,"female",46,1972,"White","no","White",16,2,1,65.3,47,4,1,"moderate","yes",NA,"yes",7,6,3,NA,1,3,11,2,200,120
1191,"female",51,1967,"White","no","White",14,2,1,84.2,64,3,1,"moderate","no","yes","no",7,4,NA,79.73,3,3,9,NA,150,120
1192,"male",66,1952,"White","no","White",12,2,3,34.6,35,7,1,"fundamentalist","no","yes","yes",7,6,2,91.26,3,5,0,5,0,120
1193,"male",43,1975,"White","no","White",14,1,4,56.9,49,2,6,"liberal","no",NA,"no",5,5,2,NA,1,0,11,1,260,120
1194,"female",74,1944,"White","no","White",11,3,2,39.7,31,0,1,"liberal","no","no","yes",1,5,NA,32.15,1,1,4,NA,0,100
1195,"male",74,1944,"White","no","White",18,3,1,69.3,53,3,1,"fundamentalist","no","no","yes",5,6,3,79.82,1,5,0,5,0,120
1196,"male",85,1933,"White","no","White",12,4,1,65.3,60,1,2,"moderate","yes","no","yes",5,2,NA,89.97,1,9,2,NA,0,120
1197,"male",49,1969,"White","no","White",16,0,3,61.4,46,2,1,"fundamentalist","yes","yes","no",3,1,NA,48.78,1,3,12,NA,180,120
1198,"female",46,1972,"White","no","White",12,2,1,39.2,38,0,1,"liberal","yes",NA,"yes",7,4,2,NA,1,1,7,2,80,110
1199,"female",37,1981,"White","no","White",17,4,1,82.5,64,0,1,"moderate","no","no","no",2,4,NA,77.89,3,4,6,NA,0,120
1200,"female",41,1977,"White","no","White",11,6,3,24.2,48,4,1,"fundamentalist","no",NA,"no",4,5,1,NA,1,0,12,0,70,100
1201,"male",22,1996,"White","no","White",12,1,1,18.6,37,3,6,"liberal","no","yes","yes",3,3,NA,69.37,1,3,11,NA,140,120
1202,"female",43,1975,"White","yes","Latinx",16,1,1,35.8,32,4,2,"moderate","no","no","yes",3,4,2,80.19,1,9,0,0,70,120
1203,"female",73,1945,"White","no","White",16,4,1,80.9,61,7,1,"fundamentalist","yes","no","yes",4,4,NA,80.38,4,5,10,NA,0,120
1204,"female",34,1984,"White","no","White",16,1,1,82.5,64,7,1,"fundamentalist","yes",NA,"yes",6,5,4,NA,1,3,8,1,160,120
1205,"male",87,1931,"White","no","White",14,3,2,32,35,0,1,"fundamentalist","no","no","yes",1,4,NA,69.23,1,3,9,NA,0,90
1206,"female",32,1986,"White","no","White",18,0,4,63.7,51,5,1,"moderate","no","no","no",1,2,3,80.85,4,0,0,3,40,120
1207,"female",31,1987,"White","yes","Latinx",14,1,3,34.6,35,2,2,"moderate","no","yes","yes",4,4,NA,78.17,1,5,7,NA,0,120
1209,"male",69,1949,"White","no","White",12,2,3,32,35,4,1,"fundamentalist","yes",NA,"yes",6,3,4,NA,1,3,6,3,0,90
1210,"male",77,1941,"White","no","White",12,0,4,67.7,39,0,1,"fundamentalist","no","no","yes",7,6,NA,79.5,1,4,2,NA,0,90
1211,"male",52,1966,"White","no","White",13,2,3,18.6,37,1,2,"moderate","no",NA,"yes",6,4,3,NA,1,2,11,4,0,10
1212,"male",37,1981,"White","no","White",15,0,3,74.8,61,0,6,"liberal","no","yes","no",1,2,4,NA,1,2,0,1,210,120
1213,"male",52,1966,"White","no","White",12,0,4,18.6,37,0,6,"liberal","no",NA,"yes",3,5,3,NA,1,1,10,3,150,120
1214,"female",38,1980,"other","no","Other",16,0,4,43,38,0,6,"liberal","yes","yes","no",2,3,NA,81.74,3,3,12,NA,220,120
1215,"male",55,1963,"other","no","Other",11,4,3,31.2,45,3,6,"liberal","no","yes","no",5,5,NA,72.38,2,0,12,NA,30,30
1216,"female",75,1943,"White","no","White",13,3,1,32.6,37,7,1,"fundamentalist","no","no","yes",2,4,3,NA,1,0,0,6,0,120
1217,"female",50,1968,"White","yes","Latinx",14,1,1,23.8,25,5,2,"moderate","no",NA,"yes",4,5,2,NA,1,0,1,2,150,120
1218,"female",25,1993,"White","no","White",12,1,4,41.1,51,0,6,"liberal","no","yes","yes",3,3,NA,84.29,3,0,12,NA,0,120
1219,"male",28,1990,"White","no","White",12,2,1,22.9,28,2,1,"fundamentalist","yes","yes","yes",4,4,NA,91.82,1,8,8,NA,150,120
1220,"male",76,1942,"White","no","White",16,3,3,58.1,51,7,1,"fundamentalist","yes","no","yes",1,4,NA,71.26,3,6,8,NA,0,50
1221,"male",52,1966,"White","no","White",16,6,1,81.9,58,7,6,"none","yes",NA,"yes",5,4,2,NA,1,0,9,1,260,130
1222,"male",22,1996,"White","no","White",12,0,4,31.2,45,4,1,"fundamentalist","yes","no","no",6,6,NA,72.17,2,0,8,NA,170,120
1223,"male",57,1961,"White","no","White",11,1,2,68.6,50,0,6,"liberal","no","yes","no",2,2,3,NA,1,0,0,2,160,120
1224,"female",84,1934,"White","no","White",8,5,3,26.5,42,8,1,"none","no","no","no",7,4,NA,NA,1,0,0,5,0,110
1225,"female",63,1955,"White","no","White",14,2,1,44.6,36,3,1,"fundamentalist","yes","yes","yes",1,4,NA,74.9,3,1,7,NA,170,120
1226,"female",58,1960,"AfricanAmerican","no","AfricanAmerican",20,3,2,68.6,50,7,1,"moderate","no","no","yes",2,3,2,NA,1,4,0,1,220,120
1227,"female",43,1975,"White","no","White",11,1,1,28.6,48,0,6,"liberal","yes","yes","yes",2,4,NA,80.54,1,1,10,NA,0,120
1228,"female",25,1993,"White","no","White",13,0,4,84.5,74,2,1,"fundamentalist","yes",NA,"yes",5,5,1,NA,1,2,7,1,150,120
1229,"male",39,1979,"White","no","White",10,0,1,25.2,28,2,1,"fundamentalist","no","yes","yes",5,5,NA,69.15,3,0,0,NA,160,120
1230,"female",31,1987,"White","no","White",15,3,4,84.2,64,2,6,"liberal","no","yes","no",4,5,2,NA,1,3,0,2,80,120
1231,"female",39,1979,"White","no","White",12,2,3,67.7,39,8,1,"moderate","no",NA,"yes",5,6,2,NA,1,0,12,1,170,120
1232,"female",34,1984,"AfricanAmerican","no","AfricanAmerican",12,3,4,69.4,47,3,1,"fundamentalist","yes",NA,"yes",3,5,2,NA,1,0,12,2,0,120
1233,"male",27,1991,"White","no","White",14,0,1,20.7,24,6,1,"fundamentalist","no","yes","yes",5,4,2,80.12,4,1,0,3,180,120
1234,"male",35,1983,"White","no","White",16,0,4,19.6,31,0,6,"liberal","no",NA,"yes",5,4,2,NA,1,0,12,0,140,120
1235,"female",24,1994,"White","no","White",17,0,4,39.7,31,0,1,"fundamentalist","no","no","yes",3,2,NA,71.62,1,4,9,NA,0,120
1236,"male",48,1970,"White","no","White",16,2,4,86.7,65,3,1,"moderate","no","yes","yes",6,4,2,NA,1,3,0,1,0,120
1237,"male",21,1997,"White","no","White",14,0,4,39.9,29,4,6,"liberal","no",NA,"no",3,3,3,NA,1,1,8,1,0,120
1238,"male",30,1988,"White","no","White",15,0,4,52.5,44,0,1,"liberal","yes","yes","yes",6,5,NA,80.8,3,4,12,NA,170,120
1239,"male",36,1982,"other","no","Other",15,1,4,31.3,31,0,6,"liberal","no","no","yes",6,5,2,70.92,3,1,0,1,0,120
1240,"male",52,1966,"White","no","White",12,0,4,10.6,20,0,6,"liberal","no","no","yes",7,1,2,NA,1,7,0,2,0,90
1241,"male",36,1982,"White","no","White",17,2,1,77.4,72,4,2,"moderate","no","no","no",5,4,3,NA,1,3,0,1,260,130
1242,"female",80,1938,"White","no","White",18,0,2,84.5,74,8,1,"fundamentalist","no",NA,"yes",1,2,2,NA,1,0,6,1,0,120
1243,"female",27,1991,"White","no","White",16,0,4,32.6,37,4,6,"liberal","no","yes","yes",6,3,NA,83.44,2,0,4,NA,120,120
1244,"female",24,1994,"White","no","White",18,0,4,21.8,35,2,6,"liberal","no","yes","yes",6,3,2,72.27,1,3,0,0,0,110
1245,"female",44,1974,"White","no","White",12,2,3,38.8,47,2,2,"moderate","no",NA,"yes",4,4,3,NA,1,0,7,3,90,120
1246,"male",89,1929,"White","no","White",11,5,1,25.1,44,0,2,"moderate","no","yes","no",3,4,2,81.66,1,2,0,3,0,110
1247,"male",22,1996,"AfricanAmerican","no","AfricanAmerican",13,0,4,39.7,31,1,1,"moderate","no","yes","no",2,1,NA,89.49,2,2,8,NA,0,120
1248,"male",48,1970,"other","yes","Latinx",12,4,1,38.1,39,7,1,"liberal","no","no","no",3,5,1,78.04,2,3,0,5,0,120
1249,"female",33,1985,"White","yes","Latinx",9,3,4,65.3,47,7,2,"moderate","no","no","yes",1,2,NA,91.79,1,7,0,NA,30,110
1250,"female",59,1959,"other","yes","Latinx",12,2,2,17.1,24,2,2,"moderate","no","no","no",1,4,2,NA,1,6,0,9,0,80
1251,"male",43,1975,"other","no","Other",13,0,4,32,35,1,6,"liberal","no",NA,"yes",5,5,2,NA,1,0,12,1,0,120
1252,"female",32,1986,"other","no","Other",12,1,1,17.5,22,8,1,"fundamentalist","no","yes","yes",1,2,NA,94.74,1,2,7,NA,10,100
1253,"female",62,1956,"White","no","White",16,2,3,41.4,60,0,6,"liberal","no",NA,"no",3,2,2,NA,1,0,11,4,0,100
1254,"female",53,1965,"White","no","White",12,2,1,45.3,17,1,6,"liberal","no",NA,"no",4,5,3,NA,1,1,12,1,130,120
1255,"female",59,1959,"White","no","White",13,2,1,84.2,64,0,2,"moderate","no","yes","yes",5,6,2,NA,1,0,0,1,200,120
1256,"male",47,1971,"White","yes","Latinx",12,3,1,25.2,28,0,6,"liberal","no","no","no",7,6,1,65.03,1,3,0,1,230,120
1257,"female",18,2000,"White","yes","Latinx",12,0,4,41.52,41,0,2,"moderate","no",NA,"no",2,4,2,NA,1,1,8,6,0,120
1258,"male",64,1954,"White","yes","Latinx",12,2,2,31.6,35,1,1,"fundamentalist","no",NA,"no",2,4,2,NA,1,1,3,5,150,120
1259,"male",22,1996,"White","no","White",12,0,4,13.6,33,0,1,"fundamentalist","no","no","yes",3,3,NA,71.66,1,4,3,NA,0,100
1260,"female",37,1981,"White","no","White",16,0,1,89.9,68,0,2,"moderate","no","yes","no",1,1,3,78.2,3,1,0,2,220,120
1261,"female",31,1987,"White","no","White",16,0,4,57.5,48,3,2,"moderate","no",NA,"no",1,2,3,NA,1,1,12,1,190,120
1262,"female",72,1946,"White","no","White",14,1,2,24.2,48,7,1,"liberal","no","no","yes",2,4,3,NA,1,1,0,4,0,120
1263,"female",32,1986,"White","no","White",16,0,1,88.7,71,0,6,"liberal","no","yes","no",1,2,NA,68.56,2,0,12,NA,150,120
1264,"male",69,1949,"White","no","White",16,0,1,59.8,46,0,6,"liberal","no","no","no",1,2,NA,92.82,1,6,12,NA,0,120
1265,"female",32,1986,"White","no","White",16,0,4,67.7,39,0,6,"liberal","no","yes","no",4,1,3,NA,1,5,0,2,220,120
1266,"male",32,1986,"White","no","White",16,0,4,39.2,38,1,2,"moderate","no","yes","yes",3,4,2,68.09,4,1,0,2,180,120
1267,"female",60,1958,"White","no","White",15,4,3,38.8,47,1,2,"moderate","no",NA,"yes",4,5,3,NA,1,2,4,2,170,120
1268,"male",70,1948,"White","no","White",5,2,2,13.2,32,7,2,"moderate","no","no","no",4,7,3,NA,1,4,0,2,0,90
1269,"female",41,1977,"other","yes","Latinx",14,1,4,19.6,31,3,2,"moderate","no",NA,"no",1,4,1,NA,1,3,6,4,180,120
1270,"female",35,1983,"White","no","White",17,0,4,84.5,74,0,1,"moderate","no","yes","yes",2,2,4,NA,1,2,0,0,0,90
1271,"female",77,1941,"White","no","White",14,3,3,38.8,47,7,2,"moderate","no",NA,"no",5,6,2,NA,1,4,3,6,0,10
1272,"male",57,1961,"White","no","White",10,1,3,25.2,28,2,2,"moderate","yes","yes","yes",7,6,NA,68.96,1,2,12,NA,120,100
1273,"male",26,1992,"White","no","White",15,0,4,59.1,38,2,1,"liberal","yes","yes","no",3,4,NA,61.79,2,3,12,NA,0,90
1274,"male",56,1962,"White","no","White",12,4,3,38.3,40,0,6,"liberal","no","yes","yes",4,4,1,NA,1,1,0,5,140,110
1275,"male",24,1994,"White","no","White",16,0,4,63.7,51,0,6,"liberal","no",NA,"no",2,3,3,NA,1,2,12,1,190,120
1276,"female",56,1962,"AfricanAmerican","no","AfricanAmerican",11,3,4,24.2,48,2,1,"fundamentalist","no","yes","no",1,2,3,58.57,1,1,0,3,0,80
1277,"female",39,1979,"other","no","Other",3,3,2,14.8,22,7,1,"liberal","no",NA,"yes",1,4,3,NA,1,4,2,1,30,110
1278,"female",30,1988,"White","no","White",20,0,1,84.5,74,4,1,"liberal","no","yes","no",1,2,NA,80.31,5,4,9,NA,140,120
1279,"female",26,1992,"White","no","White",16,0,4,23.8,25,0,6,"liberal","no","yes","no",1,1,3,NA,1,3,0,4,100,100
1280,"female",31,1987,"White","no","White",12,4,4,12.6,25,0,6,"liberal","no",NA,"no",4,6,1,NA,1,1,10,0,0,40
1281,"female",36,1982,"White","no","White",16,3,1,87.3,65,1,6,"liberal","yes","yes","no",2,4,NA,84.12,2,3,8,NA,190,120
1282,"male",69,1949,"White","no","White",16,4,1,65.3,60,4,2,"moderate","no","no","yes",7,7,2,78.03,2,2,0,2,220,120
1283,"female",39,1979,"White","no","White",16,2,1,56.9,49,0,6,"liberal","yes",NA,"yes",3,4,4,NA,1,2,12,2,180,120
1284,"male",53,1965,"White","no","White",11,2,1,31.6,35,0,1,"fundamentalist","no","yes","yes",7,5,3,70.04,3,4,0,4,200,120
1285,"male",55,1963,"White","no","White",12,2,3,25.2,28,0,6,"liberal","yes","no","yes",5,6,NA,78.99,1,2,8,NA,190,120
1286,"female",50,1968,"White","no","White",9,3,3,24.1,30,0,2,"moderate","no","no","no",4,4,4,72.88,1,1,0,2,0,30
1287,"male",31,1987,"White","no","White",18,0,1,86.7,65,1,3,"liberal","yes","yes","no",1,2,NA,79.58,4,6,10,NA,160,120
1288,"female",70,1948,"White","no","White",17,0,4,80.9,61,7,2,"moderate","no","no","no",7,4,3,NA,1,0,0,2,0,120
1289,"female",68,1950,"White","no","White",14,2,3,32.6,50,6,1,"liberal","no","yes","yes",1,2,NA,79.89,4,4,12,NA,0,100
1290,"male",73,1945,"White","no","White",15,2,1,84.5,74,1,6,"liberal","no","yes","no",3,3,3,79.91,3,0,0,2,240,130
1291,"female",60,1958,"White","no","White",20,0,4,25.7,38,0,6,"liberal","no","yes","no",1,2,NA,70.08,1,4,10,NA,110,120
1292,"male",30,1988,"White","no","White",12,0,4,25.2,28,1,6,"liberal","yes","yes","yes",5,5,NA,68.74,1,1,11,NA,130,120
1293,"female",60,1958,"White","no","White",14,2,1,35.8,32,3,2,"moderate","no","yes","no",2,4,3,NA,1,1,0,2,190,120
1294,"male",61,1957,"White","no","White",12,3,3,29.5,29,0,6,"liberal","yes","yes","yes",3,3,NA,72.94,2,3,11,NA,10,120
1295,"female",69,1949,"White","no","White",11,3,2,12.6,25,0,1,"moderate","no","no","yes",1,4,3,88.02,1,1,0,3,90,90
1296,"male",41,1977,"White","no","White",9,3,4,51.8,49,0,6,"liberal","no",NA,"yes",4,4,3,NA,1,0,5,5,0,20
1297,"male",64,1954,"White","no","White",14,0,4,51.5,48,0,1,"moderate","no","yes","no",3,4,NA,76.82,2,2,5,NA,0,90
1298,"female",63,1955,"White","no","White",12,4,2,26.8,35,1,2,"moderate","no","yes","no",2,4,2,70.59,1,6,0,7,0,120
1299,"male",22,1996,"AfricanAmerican","no","AfricanAmerican",11,1,4,45.4,49,0,6,"liberal","no","no","yes",4,6,NA,67.84,5,4,9,NA,0,30
1300,"female",33,1985,"White","no","White",12,2,3,41.96,42,0,4,"none","no","no","yes",4,6,3,NA,1,5,0,4,0,10
1301,"male",56,1962,"White","no","White",16,0,4,77.4,72,7,2,"moderate","no","no","no",1,3,NA,67.91,1,7,8,NA,210,120
1302,"female",30,1988,"White","no","White",15,1,1,52,46,2,6,"liberal","yes",NA,"yes",2,2,3,NA,1,2,11,1,190,120
1303,"female",89,1929,"White","no","White",14,3,2,24.6,36,2,1,"moderate","no","yes","no",1,5,NA,58.96,1,4,8,NA,0,110
1304,"female",61,1957,"White","no","White",16,1,3,63.7,33,3,1,"moderate","no","no","yes",6,4,3,78.66,3,4,0,1,230,120
1305,"male",55,1963,"White","no","White",12,2,3,23.3,29,2,1,"moderate","no","yes","yes",4,4,NA,70.78,1,2,2,NA,190,120
1306,"female",67,1951,"White","no","White",18,0,4,82.5,64,1,6,"liberal","no",NA,"yes",2,2,3,NA,1,2,9,2,0,120
1307,"female",61,1957,"White","no","White",12,2,1,18.8,28,3,6,"liberal","yes","yes","yes",4,4,NA,79.57,1,1,7,NA,0,120
1308,"male",69,1949,"White","no","White",12,3,2,23,31,3,2,"moderate","no","yes","no",4,4,3,80.95,1,2,0,3,0,90
1309,"male",30,1988,"AfricanAmerican","no","AfricanAmerican",16,0,4,37.6,31,0,6,"liberal","no","yes","no",1,1,NA,71.25,1,3,12,NA,0,120
1310,"male",70,1948,"White","no","White",12,3,1,65.1,59,0,1,"moderate","no","no","yes",7,6,2,NA,1,2,0,5,0,120
1311,"male",41,1977,"AfricanAmerican","no","AfricanAmerican",13,3,3,32,35,5,1,"liberal","no",NA,"no",2,1,1,NA,1,2,7,2,180,120
1312,"female",67,1951,"AfricanAmerican","no","AfricanAmerican",8,3,4,58.2,38,8,6,"liberal","no",NA,"yes",3,7,2,NA,1,1,7,2,100,100
1313,"male",62,1956,"White","no","White",12,1,3,28.5,26,7,1,"fundamentalist","no","no","yes",2,4,NA,62.55,1,2,3,NA,0,90
1314,"female",36,1982,"AfricanAmerican","no","AfricanAmerican",14,3,3,36.4,44,5,1,"fundamentalist","no",NA,"no",1,4,1,NA,1,1,9,4,150,120
1315,"female",51,1967,"White","no","White",14,2,1,38.8,47,4,1,"liberal","no","no","no",7,4,3,NA,1,6,0,2,190,120
1316,"female",65,1953,"White","no","White",16,0,1,69.4,47,5,1,"liberal","yes",NA,"no",2,5,2,NA,1,2,11,4,170,120
1317,"male",63,1955,"AfricanAmerican","no","AfricanAmerican",12,7,3,28.5,26,5,1,"moderate","no","yes","yes",1,4,3,NA,1,4,0,7,80,120
1318,"male",23,1995,"White","no","White",16,0,4,82.4,52,2,1,"moderate","yes","yes","yes",5,4,NA,77.76,3,7,9,NA,0,120
1319,"female",89,1929,"White","no","White",12,7,2,19.6,31,7,1,"liberal","no","no","yes",2,3,2,NA,1,1,0,5,0,20
1320,"female",47,1971,"White","no","White",16,0,1,57.8,37,7,1,"liberal","yes",NA,"yes",6,4,3,NA,1,0,9,2,100,120
1321,"female",75,1943,"White","no","White",12,3,2,41,39,8,1,"fundamentalist","no","yes","yes",7,6,NA,77.28,5,4,0,NA,0,120
1322,"male",24,1994,"White","no","White",12,0,1,35.3,42,0,1,"liberal","yes","no","yes",7,6,NA,66.91,1,0,12,NA,200,120
1323,"male",42,1976,"White","no","White",13,2,1,84,73,0,6,"liberal","yes",NA,"yes",5,6,2,NA,1,2,5,0,220,120
1324,"female",29,1989,"White","no","White",12,1,4,42.98,42,2,1,"fundamentalist","no","no","yes",4,4,NA,80.35,1,7,5,NA,0,90
1325,"female",26,1992,"White","no","White",14,0,4,37.2,55,5,1,"fundamentalist","no","yes","yes",5,4,1,NA,1,3,0,1,140,110
1326,"female",89,1929,"AfricanAmerican","no","AfricanAmerican",10,7,2,17.1,24,0,1,"fundamentalist","no",NA,"no",1,5,1,NA,1,1,0,7,0,70
1327,"female",76,1942,"White","no","White",12,2,1,37.6,31,7,1,"fundamentalist","yes",NA,"no",2,4,2,NA,1,1,0,2,0,120
1328,"female",36,1982,"White","no","White",12,2,1,39.9,29,0,2,"moderate","no","yes","yes",2,1,NA,79.52,1,4,12,NA,150,120
1329,"female",77,1941,"White","no","White",12,3,1,38.3,45,7,1,"fundamentalist","yes",NA,"yes",7,5,1,NA,1,0,5,4,0,120
1330,"male",32,1986,"White","no","White",12,2,1,35.3,42,0,6,"liberal","no","no","yes",7,6,3,NA,1,3,0,4,200,120
1331,"male",72,1946,"White","no","White",12,2,3,32,35,0,1,"liberal","yes",NA,"yes",4,4,1,NA,1,0,5,3,0,90
1332,"female",39,1979,"White","no","White",17,1,1,23.8,25,0,6,"liberal","no","yes","no",2,1,NA,79.08,2,2,9,NA,90,120
1333,"female",71,1947,"White","no","White",12,0,1,29.9,33,7,1,"liberal","yes",NA,"yes",6,6,2,NA,1,1,2,5,0,120
1334,"male",31,1987,"White","no","White",14,3,3,26.9,32,0,6,"liberal","no","yes","yes",7,7,1,77.49,3,3,0,2,190,120
1335,"male",69,1949,"White","no","White",18,2,1,68.6,53,5,1,"moderate","no","yes","no",3,3,2,79.33,5,2,0,2,0,120
1336,"male",35,1983,"other","yes","Latinx",3,2,1,13.6,33,6,1,"moderate","no","no","yes",4,4,NA,87.59,1,4,4,NA,110,100
1337,"male",80,1938,"White","no","White",16,2,1,82.5,64,7,1,"moderate","no","no","yes",7,5,1,80.58,4,3,0,2,0,120
1338,"male",49,1969,"White","no","White",16,3,3,71.8,64,2,1,"moderate","no",NA,"yes",3,4,2,NA,1,1,7,0,220,120
1339,"male",42,1976,"White","no","White",12,3,1,45.4,49,0,1,"liberal","no","no","yes",2,4,2,68.98,1,1,0,2,180,120
1340,"female",36,1982,"other","yes","Latinx",3,3,1,14,27,3,2,"moderate","no",NA,"no",3,6,2,NA,1,1,2,3,0,100
1341,"male",71,1947,"White","no","White",10,1,1,14,27,1,1,"liberal","yes","yes","no",6,4,NA,69.78,1,5,10,NA,0,120
1342,"male",64,1954,"White","no","White",6,1,4,68.6,50,0,6,"liberal","no","yes","yes",4,6,3,NA,1,4,0,1,0,10
1343,"male",57,1961,"White","no","White",14,1,3,38.8,45,0,6,"liberal","yes",NA,"yes",6,3,1,NA,1,0,8,2,140,110
1344,"female",24,1994,"White","no","White",12,1,1,39.7,31,0,6,"liberal","yes","no","yes",4,5,NA,91.37,1,5,9,NA,10,110
1345,"female",47,1971,"White","no","White",13,1,3,38.8,47,6,2,"moderate","no",NA,"yes",6,3,3,NA,1,1,7,4,0,120
1346,"male",23,1995,"White","no","White",13,0,4,69.4,47,0,6,"liberal","no","no","yes",6,3,NA,79.55,4,8,12,NA,160,120
1347,"male",46,1972,"White","no","White",14,2,3,69.4,47,2,6,"liberal","yes",NA,"yes",7,4,3,NA,1,0,12,1,220,120
1348,"male",57,1961,"White","no","White",10,2,3,52.4,43,8,1,"moderate","no","no","no",4,1,1,90.18,4,1,0,0,0,120
1349,"female",50,1968,"White","no","White",18,3,1,64.2,53,3,2,"moderate","no","no","yes",4,4,NA,77.3,1,8,12,NA,180,120
1350,"female",34,1984,"White","no","White",13,0,4,53,62,1,1,"fundamentalist","no","yes","yes",5,3,2,NA,1,2,0,0,180,120
1351,"male",20,1998,"White","no","White",13,0,4,41.74,41,7,1,"fundamentalist","yes","yes","no",5,4,NA,69.41,3,4,12,NA,0,110
1352,"female",49,1969,"White","no","White",15,2,1,38.8,47,7,1,"fundamentalist","yes",NA,"no",6,4,1,NA,1,1,12,2,200,120
1353,"female",30,1988,"other","yes","Latinx",15,0,4,52,46,1,6,"liberal","no","yes","yes",1,2,3,NA,1,2,0,5,190,120
1354,"male",29,1989,"White","no","White",12,2,1,23.8,25,7,1,"liberal","no",NA,"yes",4,4,1,NA,1,1,5,3,160,120
1355,"female",61,1957,"White","no","White",12,3,3,19.6,31,0,1,"fundamentalist","no","yes","yes",2,4,1,90.32,1,2,0,3,180,120
1356,"female",29,1989,"other","no","Other",20,0,4,36.73,41,0,5,"none","no",NA,"no",3,4,4,NA,1,2,6,1,0,110
1357,"male",21,1997,"White","no","White",14,0,4,45.75,42,0,6,"liberal","no","yes","yes",1,1,NA,82.71,2,4,9,NA,0,20
1358,"male",24,1994,"White","no","White",16,0,4,86.1,70,0,6,"liberal","no","no","yes",5,5,2,90.46,1,5,0,1,150,120
1359,"female",34,1984,"White","no","White",18,1,1,38.8,47,8,1,"moderate","yes",NA,"yes",1,2,1,NA,1,0,5,2,0,110
1360,"female",25,1993,"White","yes","Latinx",14,0,4,12.6,25,0,6,"liberal","no","yes","yes",1,3,3,NA,1,1,0,3,50,120
1361,"male",21,1997,"White","no","White",14,0,4,40.69,40,2,2,"moderate","no",NA,"yes",5,5,2,NA,1,1,6,1,0,20
1362,"male",22,1996,"White","no","White",15,0,4,40.84,40,2,6,"liberal","no","yes","yes",5,5,NA,83.12,3,2,8,NA,0,110
1363,"male",38,1980,"White","no","White",12,4,4,14.4,36,0,1,"fundamentalist","yes",NA,"yes",4,1,1,NA,1,0,1,3,40,100
1364,"male",70,1948,"White","no","White",12,0,1,46.5,50,2,1,"fundamentalist","yes","yes","yes",4,4,NA,78.41,2,1,10,NA,110,120
1365,"female",33,1985,"White","no","White",12,2,1,21.8,35,0,1,"moderate","no","yes","yes",4,4,2,NA,1,2,0,2,0,120
1366,"female",75,1943,"White","no","White",10,1,1,33.2,37,0,2,"moderate","no",NA,"yes",3,4,2,NA,1,1,5,1,0,120
1367,"male",56,1962,"White","no","White",12,1,1,23.3,27,0,1,"liberal","no","yes","yes",6,5,NA,74.97,1,0,12,NA,90,110
1368,"male",68,1950,"White","no","White",16,3,1,76.3,60,6,1,"moderate","no","yes","no",1,2,4,NA,1,6,0,4,0,120
1369,"female",39,1979,"White","no","White",12,3,1,41,39,0,6,"liberal","no",NA,"yes",2,4,2,NA,1,2,10,4,0,90
1370,"female",54,1964,"White","no","White",14,2,1,54.6,41,6,1,"liberal","yes","no","yes",7,6,NA,80.12,4,5,11,NA,140,120
1371,"male",60,1958,"White","no","White",12,2,1,68,50,0,6,"liberal","no","no","yes",6,5,4,75.22,1,2,0,3,210,120
1372,"male",60,1958,"White","no","White",14,1,1,23.3,25,8,1,"fundamentalist","yes",NA,"yes",6,7,2,NA,1,1,9,3,200,120
1373,"male",36,1982,"White","no","White",18,2,1,65.3,47,0,1,"moderate","yes","yes","yes",6,5,NA,78.38,2,0,4,NA,0,120
1374,"female",31,1987,"White","no","White",12,1,1,84.2,64,1,1,"fundamentalist","yes",NA,"yes",6,5,1,NA,1,1,2,2,160,120
1375,"female",41,1977,"AfricanAmerican","no","AfricanAmerican",16,3,1,84.2,64,5,1,"fundamentalist","no","no","no",1,4,NA,90.2,1,6,10,NA,200,120
1376,"female",29,1989,"White","no","White",14,1,3,13.3,16,6,6,"none","no","yes","yes",7,4,2,NA,1,2,0,1,180,120
1377,"female",38,1980,"White","no","White",16,1,1,12.6,25,0,6,"liberal","yes","yes","yes",7,6,NA,92.3,1,5,4,NA,140,120
1378,"female",42,1976,"White","no","White",15,1,3,20.1,48,4,1,"moderate","yes",NA,"yes",6,4,4,NA,1,1,3,4,150,120
1379,"female",69,1949,"White","no","White",13,2,3,49.4,40,5,1,"liberal","yes","no","yes",2,5,NA,68.65,4,1,6,NA,0,120
1380,"female",29,1989,"AfricanAmerican","no","AfricanAmerican",16,1,1,80.9,61,7,1,"fundamentalist","yes",NA,"no",1,4,2,NA,1,2,2,2,180,120
1381,"male",33,1985,"other","yes","Latinx",3,4,1,25.2,28,7,2,"moderate","no","no","yes",3,2,NA,83.28,5,9,5,NA,0,90
1382,"male",27,1991,"White","no","White",14,1,1,23.8,25,0,6,"liberal","yes",NA,"yes",4,4,2,NA,1,3,11,2,190,120
1383,"male",42,1976,"White","no","White",14,7,1,23.3,25,3,5,"none","yes","no","yes",5,4,NA,59.24,1,1,7,NA,30,120
1384,"male",57,1961,"White","no","White",19,4,1,59.1,53,7,1,"moderate","no","no","no",6,6,2,82.87,5,8,0,1,210,130
1385,"female",41,1977,"White","no","White",18,1,3,75.5,59,3,1,"liberal","no","yes","no",1,1,NA,68.97,1,4,11,NA,0,120
1386,"female",70,1948,"White","no","White",16,0,3,77.4,58,4,1,"liberal","no","yes","no",1,3,NA,88.9,1,4,8,NA,0,110
1387,"male",31,1987,"White","no","White",8,2,1,39.7,31,0,6,"none","no",NA,"yes",7,6,1,NA,1,0,12,1,90,100
1388,"female",68,1950,"White","no","White",14,2,1,71.1,51,8,1,"fundamentalist","yes","no","yes",7,7,NA,83.24,5,1,2,NA,130,120
1389,"female",38,1980,"White","no","White",20,1,1,62.6,66,8,1,"fundamentalist","no",NA,"no",4,4,2,NA,1,3,5,1,180,120
1390,"male",57,1961,"White","no","White",16,0,4,43,38,8,1,"liberal","yes","no","yes",2,4,NA,82.59,5,2,11,NA,0,100
1391,"male",38,1980,"White","no","White",15,2,1,67.7,39,2,1,"moderate","yes","yes","yes",4,4,NA,80.13,4,4,10,NA,190,120
1392,"female",30,1988,"White","no","White",18,0,4,36.5,25,5,1,"fundamentalist","yes",NA,"yes",6,6,1,NA,1,3,6,1,60,120
1393,"male",68,1950,"White","no","White",11,2,1,52.4,43,7,1,"fundamentalist","yes","no","yes",4,4,NA,77.97,4,4,0,NA,130,120
1394,"female",75,1943,"White","no","White",12,2,3,20.8,39,0,1,"fundamentalist","no","no","yes",7,7,2,NA,1,1,0,1,0,100
1395,"male",82,1936,"White","no","White",12,2,1,68.6,50,0,1,"fundamentalist","yes",NA,"yes",2,5,2,NA,1,1,5,2,80,120
1396,"male",71,1947,"White","no","White",19,2,1,36.2,43,2,1,"moderate","no","no","yes",4,4,2,71.61,2,0,0,3,0,120
1397,"male",44,1974,"White","no","White",9,3,1,32.8,35,0,6,"none","yes","yes","yes",7,4,NA,71.17,1,4,8,NA,170,120
1398,"female",82,1936,"White","no","White",13,3,2,20.8,39,8,1,"fundamentalist","no",NA,"yes",2,4,2,NA,1,0,1,2,0,90
1399,"female",69,1949,"other","no","Other",12,3,1,50.04,47,0,6,"liberal","no","no","no",2,4,NA,89.94,1,5,2,NA,0,110
1400,"male",40,1978,"AfricanAmerican","no","AfricanAmerican",16,0,4,82.5,64,0,6,"liberal","no","yes","yes",4,4,2,79.85,1,2,0,2,180,120
1401,"female",61,1957,"AfricanAmerican","no","AfricanAmerican",12,2,2,13.6,33,6,1,"fundamentalist","no",NA,"no",1,2,2,NA,1,0,6,4,150,10
1402,"male",70,1948,"White","no","White",11,1,1,51.9,46,0,1,"fundamentalist","no","yes","yes",7,6,1,NA,1,5,0,5,0,110
1403,"female",57,1961,"White","no","White",13,2,1,37.9,49,7,1,"liberal","yes",NA,"yes",4,4,1,NA,1,1,6,2,130,120
1404,"female",37,1981,"White","no","White",16,0,4,84.2,64,0,1,"fundamentalist","no","no","no",2,2,NA,51.15,2,2,12,NA,200,120
1405,"male",64,1954,"AfricanAmerican","no","AfricanAmerican",15,3,1,13.2,32,7,1,"fundamentalist","no","no","no",1,1,2,77.76,1,2,0,4,0,120
1406,"female",74,1944,"AfricanAmerican","no","AfricanAmerican",18,4,2,77.2,55,8,1,"fundamentalist","yes",NA,"no",1,3,1,NA,1,0,11,6,0,120
1407,"female",71,1947,"AfricanAmerican","no","AfricanAmerican",12,3,3,80.9,61,0,1,"moderate","no","no","no",1,4,NA,81.97,5,3,5,NA,80,90
1408,"male",22,1996,"White","no","White",14,0,4,52.4,43,2,1,"fundamentalist","yes","yes","yes",7,7,NA,69.3,1,2,4,NA,130,120
1409,"female",26,1992,"White","no","White",10,0,4,21.6,28,8,6,"liberal","no",NA,"no",3,3,3,NA,1,0,10,1,70,110
1410,"female",52,1966,"White","no","White",13,2,1,52,46,3,1,"fundamentalist","yes",NA,"yes",6,4,2,NA,1,1,8,1,180,120
1411,"female",84,1934,"AfricanAmerican","no","AfricanAmerican",12,3,2,25,35,7,1,"fundamentalist","yes","no","no",3,6,NA,81.42,1,4,1,NA,0,120
1413,"male",28,1990,"AfricanAmerican","no","AfricanAmerican",13,0,4,23,31,0,1,"fundamentalist","no","yes","no",1,4,NA,91.82,2,6,10,NA,70,110
1414,"female",60,1958,"White","no","White",12,2,3,76.3,60,0,1,"liberal","no",NA,"yes",6,4,2,NA,1,1,12,2,170,120
1415,"female",31,1987,"AfricanAmerican","no","AfricanAmerican",15,0,4,24.2,48,4,1,"fundamentalist","no","no","no",1,4,1,NA,1,2,0,7,50,90
1416,"male",45,1973,"AfricanAmerican","no","AfricanAmerican",15,5,3,31.9,32,0,1,"fundamentalist","no",NA,"no",4,4,1,NA,1,0,12,3,170,120
1417,"male",49,1969,"AfricanAmerican","no","AfricanAmerican",14,0,1,33.2,37,5,1,"fundamentalist","no","yes","yes",2,2,2,71.62,1,1,0,4,170,120
1418,"female",32,1986,"White","no","White",10,5,4,12.6,25,0,6,"liberal","no",NA,"yes",4,4,2,NA,1,1,4,2,0,30
1419,"female",43,1975,"AfricanAmerican","no","AfricanAmerican",11,5,3,12.6,25,0,6,"liberal","no","yes","yes",1,4,NA,79.96,5,1,7,NA,80,80
1420,"female",45,1973,"AfricanAmerican","no","AfricanAmerican",14,3,3,54.3,48,5,1,"moderate","no","yes","yes",2,4,1,NA,1,0,0,2,180,120
1421,"male",65,1953,"White","no","White",14,2,1,45.4,49,6,2,"moderate","no",NA,"no",1,2,2,NA,1,1,12,5,0,120
1422,"female",32,1986,"White","no","White",14,2,4,20.1,48,3,6,"liberal","no","yes","yes",3,2,NA,69.33,5,0,12,NA,0,90
1423,"female",23,1995,"White","no","White",11,1,4,42.9,35,0,6,"liberal","no","yes","yes",3,2,2,NA,1,0,0,1,30,120
1424,"male",52,1966,"White","no","White",18,2,1,71.4,62,7,1,"liberal","yes",NA,"yes",7,6,1,NA,1,0,12,2,200,120
1425,"female",58,1960,"White","no","White",16,2,1,38.8,47,4,1,"liberal","no","yes","no",3,2,NA,77.84,2,4,10,NA,190,120
1426,"female",21,1997,"White","no","White",15,0,4,39.7,31,4,2,"moderate","no","no","yes",6,4,2,69.93,3,3,0,0,50,100
1427,"female",77,1941,"White","no","White",16,1,2,73.9,53,0,1,"fundamentalist","no","yes","no",3,4,NA,78.06,3,3,10,NA,40,120
1428,"male",86,1932,"White","no","White",10,4,1,45.4,49,8,1,"fundamentalist","yes",NA,"yes",7,7,1,NA,1,2,0,3,0,120
1429,"female",52,1966,"White","no","White",14,2,3,71.4,62,5,2,"moderate","yes","no","no",2,4,NA,48.05,2,2,5,NA,150,120
1430,"male",66,1952,"White","no","White",16,2,3,76.3,60,2,1,"fundamentalist","no",NA,"yes",4,4,2,NA,1,0,12,2,0,120
1431,"female",72,1946,"White","no","White",14,5,2,24.6,36,5,1,"fundamentalist","no","no","no",4,5,2,89.06,3,8,0,3,0,100
1432,"female",47,1971,"White","no","White",14,1,3,14.6,24,2,1,"fundamentalist","no",NA,"yes",6,6,2,NA,1,1,10,3,150,120
1433,"male",58,1960,"White","no","White",16,0,4,53.6,56,3,1,"liberal","no","no","yes",7,6,2,NA,1,5,0,2,210,120
1434,"female",35,1983,"AfricanAmerican","no","AfricanAmerican",15,0,3,62.9,54,0,2,"moderate","no",NA,"yes",2,2,2,NA,1,0,7,2,190,120
1435,"female",50,1968,"AfricanAmerican","no","AfricanAmerican",14,1,3,69.3,53,2,1,"moderate","no","no","no",4,4,NA,80.09,3,3,12,NA,180,120
1436,"female",84,1934,"White","no","White",17,2,2,70.3,50,8,1,"fundamentalist","no","no","yes",7,7,2,80.31,1,0,0,3,0,100
1437,"male",22,1996,"AfricanAmerican","no","AfricanAmerican",15,0,4,26.9,32,1,1,"moderate","no","yes","no",2,3,NA,61.97,3,1,8,NA,0,120
1438,"female",29,1989,"AfricanAmerican","no","AfricanAmerican",17,3,4,82.5,64,7,1,"fundamentalist","no","no","yes",3,3,2,NA,1,6,0,3,160,120
1439,"male",26,1992,"AfricanAmerican","no","AfricanAmerican",12,1,3,57.5,48,2,1,"moderate","no",NA,"no",3,7,2,NA,1,1,9,0,130,110
1440,"female",24,1994,"White","no","White",16,0,1,68.6,50,1,6,"liberal","no","no","no",3,3,NA,78.59,1,4,4,NA,0,110
1442,"male",38,1980,"White","no","White",14,0,1,52,46,1,5,"none","no","yes","yes",3,4,NA,60.76,2,1,9,NA,0,100
1443,"male",31,1987,"White","no","White",16,0,4,62,45,5,1,"moderate","yes","yes","yes",2,3,NA,72.01,3,4,11,NA,180,120
1444,"female",31,1987,"White","no","White",16,1,4,73.6,67,0,6,"liberal","no",NA,"no",3,1,3,NA,1,0,9,0,0,120
1445,"female",30,1988,"AfricanAmerican","no","AfricanAmerican",16,0,4,45,38,0,6,"liberal","no","yes","no",4,2,NA,72.21,1,2,12,NA,130,10
1446,"male",46,1972,"White","no","White",18,2,1,49.2,52,2,1,"liberal","no","yes","yes",6,1,3,79.88,3,2,0,1,260,130
1447,"male",49,1969,"AfricanAmerican","no","AfricanAmerican",16,2,4,52.4,43,6,1,"fundamentalist","yes","yes","no",1,4,NA,48.87,3,2,7,NA,90,90
1448,"male",29,1989,"White","no","White",10,0,1,32.6,50,0,6,"liberal","yes",NA,"yes",5,4,2,NA,1,0,11,1,130,120
1449,"female",45,1973,"White","no","White",10,2,3,67.7,39,0,5,"none","no",NA,"yes",5,2,3,NA,1,1,12,6,0,90
1450,"male",67,1951,"AfricanAmerican","no","AfricanAmerican",12,7,3,32,35,7,1,"fundamentalist","no","yes","yes",1,5,1,70.18,3,5,0,5,0,110
1451,"female",34,1984,"White","no","White",12,1,1,54.6,41,8,1,"fundamentalist","yes","no","yes",6,4,NA,69.74,3,1,2,NA,200,120
1452,"male",82,1936,"AfricanAmerican","no","AfricanAmerican",12,2,2,34.6,35,7,1,"fundamentalist","no","no","yes",4,4,1,NA,1,1,0,3,0,120
1453,"male",44,1974,"other","no","Other",13,2,1,52,46,7,1,"fundamentalist","no","yes","yes",5,4,2,87.42,3,5,0,1,200,120
1454,"female",48,1970,"White","no","White",18,3,1,59.1,38,5,1,"liberal","no","no","yes",3,4,NA,67.64,2,5,12,NA,160,120
1455,"female",24,1994,"White","no","White",8,2,4,14,21,2,1,"fundamentalist","no","yes","no",5,6,2,NA,1,1,0,5,30,90
1456,"male",56,1962,"White","no","White",12,2,1,53.6,56,0,6,"liberal","no","no","yes",6,6,NA,67.28,1,3,12,NA,0,110
1457,"male",65,1953,"White","no","White",11,3,1,18.6,37,4,1,"fundamentalist","yes",NA,"yes",5,6,1,NA,1,0,12,3,90,120
1458,"female",48,1970,"AfricanAmerican","no","AfricanAmerican",13,1,4,23.3,25,5,1,"fundamentalist","yes","yes","no",3,4,NA,79.96,2,1,3,NA,210,120
1459,"female",27,1991,"AfricanAmerican","no","AfricanAmerican",16,2,4,26.1,48,4,1,"fundamentalist","no",NA,"no",2,4,1,NA,1,0,12,6,0,10
1460,"female",55,1963,"AfricanAmerican","no","AfricanAmerican",18,3,1,77.4,72,5,1,"fundamentalist","no",NA,"no",3,3,2,NA,1,1,12,0,220,120
1461,"male",25,1993,"White","no","White",15,0,1,19.6,31,0,6,"liberal","no","yes","no",5,4,NA,79.88,4,2,12,NA,0,10
1462,"female",55,1963,"AfricanAmerican","no","AfricanAmerican",12,5,3,24.2,48,0,1,"moderate","no","yes","no",1,6,NA,71.58,2,7,8,NA,90,90
1463,"female",71,1947,"White","no","White",13,2,3,33.4,40,3,1,"moderate","yes","yes","no",4,4,NA,57.7,2,1,12,NA,0,90
1464,"male",26,1992,"White","no","White",12,2,4,25.2,28,4,1,"moderate","no","yes","yes",4,7,3,NA,1,1,0,1,130,110
1465,"female",59,1959,"White","no","White",12,4,1,32,35,6,1,"fundamentalist","no","no","no",7,6,2,69.29,3,4,0,1,110,120
1466,"female",56,1962,"White","no","White",16,1,3,38.3,45,0,6,"liberal","yes","yes","no",3,4,NA,80.73,2,2,12,NA,200,120
1467,"female",58,1960,"White","no","White",20,0,3,87.9,60,0,1,"moderate","no","yes","no",4,4,2,NA,1,1,0,1,0,100
1468,"female",27,1991,"AfricanAmerican","no","AfricanAmerican",15,1,4,39.2,42,0,1,"moderate","no",NA,"no",2,4,2,NA,1,0,4,2,160,120
1469,"female",69,1949,"AfricanAmerican","no","AfricanAmerican",13,2,1,63.7,33,0,1,"fundamentalist","yes","no","no",4,1,NA,89.68,3,4,12,NA,220,120
1470,"female",30,1988,"White","no","White",13,1,4,71,58,5,1,"moderate","no","yes","no",5,5,1,NA,1,3,0,1,10,70
1471,"female",71,1947,"White","no","White",17,0,2,46,49,3,5,"none","no","yes","no",6,6,3,87.48,3,5,0,3,190,120
1472,"female",53,1965,"AfricanAmerican","no","AfricanAmerican",9,5,1,74.8,61,7,1,"fundamentalist","no",NA,"no",2,4,2,NA,1,0,9,1,170,120
1474,"female",34,1984,"AfricanAmerican","no","AfricanAmerican",11,4,1,14,21,5,1,"fundamentalist","no",NA,"no",4,4,2,NA,1,2,2,3,0,120
1475,"female",37,1981,"White","no","White",8,3,3,38.1,39,0,6,"liberal","no","no","yes",6,6,NA,59.54,2,2,9,NA,120,120
1476,"female",29,1989,"AfricanAmerican","no","AfricanAmerican",14,3,1,42.9,35,2,1,"fundamentalist","no","yes","yes",2,4,2,71.21,1,1,0,4,0,90
1477,"female",63,1955,"White","no","White",12,2,3,20.8,39,5,1,"liberal","no",NA,"yes",4,4,4,NA,1,2,7,2,100,110
1478,"female",32,1986,"AfricanAmerican","no","AfricanAmerican",16,2,4,39.2,38,0,1,"moderate","no","no","no",2,5,NA,83.73,1,1,4,NA,100,100
1479,"male",33,1985,"AfricanAmerican","no","AfricanAmerican",16,0,4,65.3,60,3,2,"moderate","no","yes","yes",6,5,1,74.9,3,6,0,1,210,120
1481,"male",22,1996,"AfricanAmerican","no","AfricanAmerican",12,0,4,21.6,28,2,6,"liberal","no","no","no",4,4,NA,78.41,2,5,8,NA,50,120
1482,"female",24,1994,"White","no","White",14,0,4,45.4,49,7,2,"moderate","no",NA,"no",4,4,2,NA,1,1,8,3,160,120
1483,"female",31,1987,"White","no","White",16,0,1,85.9,63,1,1,"liberal","no","yes","yes",2,2,NA,65.79,1,1,10,NA,0,120
1484,"female",43,1975,"White","no","White",16,2,1,73.9,53,0,2,"moderate","yes",NA,"yes",6,4,2,NA,1,0,10,2,110,120
1485,"female",56,1962,"White","no","White",16,0,3,92.8,80,0,6,"liberal","no","no","yes",7,4,NA,83.11,1,4,12,NA,260,130
1486,"male",54,1964,"White","no","White",14,2,3,59.4,65,1,2,"moderate","no","yes","yes",6,6,2,NA,1,5,0,2,90,110
1487,"male",47,1971,"White","no","White",12,2,1,43,38,0,6,"liberal","no",NA,"yes",4,3,2,NA,1,0,11,1,200,120
1488,"female",72,1946,"White","no","White",16,3,1,88.3,59,7,2,"moderate","no","no","no",7,6,NA,79.22,3,0,12,NA,0,110
1489,"male",60,1958,"White","no","White",18,2,1,52.5,44,7,2,"moderate","no","no","yes",7,6,NA,80.29,4,8,8,NA,260,130
1490,"male",34,1984,"White","no","White",17,2,1,70.1,73,0,1,"fundamentalist","no","yes","yes",6,5,2,78.74,3,2,0,2,230,120
1491,"male",38,1980,"White","no","White",16,2,1,79.3,63,0,3,"liberal","no",NA,"no",1,2,3,NA,1,2,12,2,230,130
1492,"female",58,1960,"White","no","White",18,0,1,69.3,53,3,1,"liberal","no","no","yes",7,6,2,74.63,4,2,0,4,260,130
1493,"female",67,1951,"White","no","White",16,2,3,71.7,61,4,2,"moderate","no",NA,"no",5,4,2,NA,1,0,6,7,0,90
1494,"female",39,1979,"other","yes","Latinx",13,3,4,35.72,39,2,1,"moderate","no","no","yes",4,6,NA,68.65,2,5,10,NA,0,80
1495,"female",75,1943,"White","no","White",12,2,3,32.6,21,3,2,"moderate","no","no","yes",5,6,NA,71.86,1,1,9,NA,0,120
1496,"female",65,1953,"White","no","White",14,1,1,63.7,51,3,1,"fundamentalist","no",NA,"yes",4,4,1,NA,1,2,11,2,20,120
1497,"male",56,1962,"White","no","White",12,8,4,23.7,35,0,1,"moderate","no","no","yes",1,2,4,NA,1,5,0,11,0,90
1498,"female",35,1983,"other","no","Other",14,3,3,52,46,7,1,"moderate","no",NA,"yes",3,1,1,NA,1,1,2,2,0,120
1499,"female",57,1961,"AfricanAmerican","no","AfricanAmerican",18,4,1,43.1,43,7,1,"moderate","no","yes","yes",1,4,NA,69.16,4,0,1,NA,150,120
1500,"male",63,1955,"AfricanAmerican","no","AfricanAmerican",13,5,1,23.8,25,0,2,"moderate","no","yes","no",3,4,2,61.61,2,0,0,6,140,110
1501,"male",29,1989,"White","yes","Latinx",12,0,4,35.8,32,0,2,"moderate","no",NA,"yes",3,4,2,NA,1,0,11,3,140,110
1502,"female",66,1952,"White","no","White",12,2,1,24.2,48,2,2,"moderate","no",NA,"yes",7,5,1,NA,1,0,8,2,0,120
1503,"female",58,1960,"White","no","White",14,0,2,67.7,58,3,1,"moderate","no",NA,"yes",2,4,3,NA,1,0,7,8,0,120
1504,"female",77,1941,"White","no","White",16,2,1,61.4,55,0,6,"liberal","yes",NA,"no",1,1,3,NA,1,0,12,1,150,120
1505,"male",38,1980,"other","yes","Latinx",6,1,4,14,27,7,2,"moderate","no","no","no",3,1,3,NA,1,9,0,1,170,120
1506,"female",34,1984,"White","no","White",14,4,1,38.8,47,2,1,"fundamentalist","yes","yes","yes",4,4,NA,88.42,5,3,10,NA,30,120
1507,"female",27,1991,"AfricanAmerican","no","AfricanAmerican",13,2,4,24.2,48,3,1,"moderate","no","yes","yes",2,4,2,NA,1,0,0,0,150,120
1508,"female",46,1972,"White","yes","Latinx",6,5,1,39.9,46,7,2,"moderate","no",NA,"yes",6,4,2,NA,1,1,9,1,0,100
1509,"female",45,1973,"White","no","White",17,4,3,66.2,43,2,1,"liberal","no","yes","yes",4,4,1,78.36,2,1,0,1,50,120
1510,"female",23,1995,"White","yes","Latinx",13,1,1,28.6,48,5,2,"moderate","no",NA,"yes",2,3,1,NA,1,0,10,1,90,100
1511,"female",25,1993,"AfricanAmerican","no","AfricanAmerican",16,0,4,24.2,48,5,1,"moderate","no","yes","yes",3,4,NA,72.01,1,1,6,NA,180,120
1512,"female",23,1995,"other","no","Other",14,0,4,39,31,2,6,"liberal","no","yes","yes",4,5,1,NA,1,0,0,1,80,110
1513,"male",57,1961,"White","no","White",12,2,1,34.7,34,7,1,"fundamentalist","no","yes","no",4,4,2,64.7,1,2,0,8,0,120
1514,"female",58,1960,"White","no","White",14,2,1,61.4,46,2,2,"moderate","no",NA,"no",4,5,2,NA,1,0,1,2,20,110
1515,"female",50,1968,"White","no","White",8,2,3,30.3,18,2,1,"moderate","no","no","yes",6,4,NA,47.71,1,3,10,NA,160,120
1516,"male",70,1948,"AfricanAmerican","no","AfricanAmerican",13,1,4,46,49,2,1,"fundamentalist","no","yes","no",1,3,1,NA,1,6,0,6,0,120
1517,"female",58,1960,"White","no","White",14,1,3,79.9,62,0,6,"liberal","no",NA,"yes",4,4,1,NA,1,1,12,2,140,110
1518,"female",68,1950,"White","yes","Latinx",15,2,3,37.6,31,2,2,"moderate","no","yes","no",1,4,NA,90.97,1,3,2,NA,0,120
1519,"female",25,1993,"White","no","White",14,1,1,24.6,36,0,5,"none","no","yes","no",4,4,2,NA,1,1,0,8,150,120
1520,"female",68,1950,"White","yes","Latinx",12,2,2,20.8,39,0,1,"fundamentalist","no",NA,"yes",3,5,3,NA,1,0,10,5,0,120
1521,"female",54,1964,"White","no","White",12,1,3,24.2,48,0,1,"fundamentalist","yes","no","yes",7,6,NA,72,1,2,9,NA,40,90
1522,"female",30,1988,"White","no","White",10,3,3,43.22,43,4,1,"moderate","no","no","yes",5,4,2,49.88,2,8,0,2,0,30
1523,"female",64,1954,"White","no","White",12,3,3,21.6,28,7,1,"none","yes",NA,"yes",1,4,1,NA,1,1,0,2,90,120
1524,"male",58,1960,"White","no","White",11,3,1,46.5,50,8,1,"fundamentalist","yes","yes","yes",7,6,NA,80.29,3,6,4,NA,180,120
1525,"female",69,1949,"AfricanAmerican","no","AfricanAmerican",0,4,1,12.6,25,6,1,"fundamentalist","no","yes","no",1,4,2,NA,1,0,0,2,0,100
1526,"female",56,1962,"White","no","White",12,3,1,58.4,45,0,1,"fundamentalist","yes",NA,"no",2,5,2,NA,1,3,4,4,200,120
1527,"female",69,1949,"White","no","White",10,3,1,73.9,53,0,1,"fundamentalist","yes","yes","no",5,6,NA,88.55,3,6,12,NA,0,80
1528,"male",46,1972,"White","no","White",12,2,1,32,35,0,1,"fundamentalist","no","no","yes",7,4,1,NA,1,3,0,3,100,110
1529,"male",34,1984,"White","no","White",11,3,3,23.3,25,0,6,"liberal","no",NA,"yes",7,4,1,NA,1,0,10,2,120,120
1530,"female",67,1951,"White","no","White",13,4,3,65.3,60,8,1,"liberal","yes",NA,"yes",7,2,1,NA,1,1,6,1,0,90
1531,"female",40,1978,"White","no","White",13,2,4,41,39,0,1,"liberal","yes",NA,"no",4,4,1,NA,1,0,9,4,0,10
1532,"female",44,1974,"White","no","White",12,2,3,43,38,7,1,"fundamentalist","no","no","yes",5,4,1,42.07,2,2,0,3,0,110
1533,"female",32,1986,"AfricanAmerican","no","AfricanAmerican",15,1,4,32,35,4,6,"liberal","yes",NA,"yes",1,4,2,NA,1,0,12,1,180,120
1534,"male",33,1985,"AfricanAmerican","no","AfricanAmerican",10,1,4,18.6,37,2,1,"fundamentalist","no","no","yes",4,3,2,NA,1,6,0,7,100,120
1535,"male",35,1983,"other","yes","Latinx",9,2,1,46,49,4,2,"moderate","no",NA,"no",5,4,4,NA,1,3,7,5,140,120
1536,"female",70,1948,"other","no","Other",15,2,1,41.1,53,7,1,"fundamentalist","no","no","no",4,4,2,88.86,2,0,0,4,0,120
1537,"male",59,1959,"AfricanAmerican","no","AfricanAmerican",13,5,4,50.4,62,6,1,"none","no","yes","yes",2,4,NA,71.45,2,3,8,NA,10,90
1538,"female",32,1986,"AfricanAmerican","no","AfricanAmerican",9,1,4,32.6,50,7,6,"liberal","no","yes","no",7,3,2,NA,1,4,0,3,10,10
1539,"male",53,1965,"AfricanAmerican","no","AfricanAmerican",12,8,1,20.9,35,0,2,"moderate","no",NA,"yes",5,4,3,NA,1,2,4,2,120,100
1540,"female",39,1979,"AfricanAmerican","no","AfricanAmerican",10,2,4,20.7,24,1,1,"none","no","yes","no",4,4,NA,72.63,1,5,11,NA,50,100
1541,"female",43,1975,"AfricanAmerican","no","AfricanAmerican",19,1,1,69.3,53,3,2,"moderate","no","yes","yes",1,4,2,81.26,3,3,0,2,200,120
1542,"male",26,1992,"AfricanAmerican","no","AfricanAmerican",12,3,4,23.3,25,0,6,"liberal","yes",NA,"yes",4,4,2,NA,1,0,7,4,0,120
1543,"male",64,1954,"other","no","Other",20,2,1,38.1,39,8,1,"fundamentalist","yes","yes","no",2,5,NA,79.45,4,2,9,NA,0,120
1545,"male",72,1946,"White","no","White",17,3,3,85.2,65,7,1,"fundamentalist","yes","yes","yes",4,6,NA,83.31,3,1,12,NA,0,120
1546,"female",58,1960,"White","no","White",12,2,1,38.8,47,8,1,"fundamentalist","yes",NA,"yes",7,5,1,NA,1,1,2,3,160,120
1547,"female",22,1996,"White","no","White",12,0,1,43,38,7,1,"fundamentalist","yes","yes","yes",4,4,NA,63.02,2,5,4,NA,0,120
1548,"male",60,1958,"other","no","Other",11,0,1,31.2,45,4,2,"moderate","no","yes","no",6,1,2,81.47,1,1,0,8,0,30
1549,"male",42,1976,"White","no","White",13,0,1,86.5,73,7,1,"fundamentalist","no","no","yes",6,6,2,NA,1,3,0,2,200,120
1550,"male",62,1956,"White","no","White",16,7,3,50.4,62,0,6,"liberal","yes",NA,"no",4,1,2,NA,1,0,11,1,0,120
1551,"female",39,1979,"White","no","White",14,2,3,84.2,64,7,1,"fundamentalist","no","no","yes",7,6,2,69.94,3,1,0,2,0,120
1552,"female",24,1994,"White","no","White",12,0,1,57.8,47,7,1,"moderate","no",NA,"yes",6,4,2,NA,1,1,7,3,130,120
1553,"female",38,1980,"AfricanAmerican","no","AfricanAmerican",11,3,4,27,38,7,1,"fundamentalist","no","yes","no",1,3,NA,41.62,2,0,4,NA,0,90
1554,"female",39,1979,"White","no","White",14,2,1,65.3,60,8,1,"moderate","no","no","yes",7,6,2,NA,1,2,0,0,130,120
1555,"female",32,1986,"White","no","White",16,0,1,64.2,53,6,1,"fundamentalist","yes","no","yes",7,7,NA,83.85,2,4,8,NA,180,120
1556,"male",85,1933,"White","no","White",17,2,1,39.7,31,7,1,"liberal","no","no","no",6,6,3,78.97,3,5,0,3,210,120
1557,"male",88,1930,"White","no","White",10,4,2,20.7,24,7,1,"fundamentalist","yes","yes","yes",6,3,NA,67.35,2,4,3,NA,0,120
1558,"female",44,1974,"White","no","White",17,1,1,84.5,74,4,1,"moderate","no","yes","no",5,5,2,NA,1,3,0,2,180,120
1559,"male",18,2000,"White","no","White",12,0,4,38.99,39,7,1,"fundamentalist","yes","yes","yes",6,6,NA,81.13,2,6,11,NA,0,110
1560,"female",32,1986,"AfricanAmerican","no","AfricanAmerican",14,3,4,35.8,32,4,1,"fundamentalist","no","no","no",4,4,2,70.37,3,2,0,2,120,100
1561,"female",60,1958,"AfricanAmerican","no","AfricanAmerican",18,3,1,26.8,25,7,1,"fundamentalist","yes",NA,"no",1,1,2,NA,1,0,12,2,170,120
1563,"female",72,1946,"AfricanAmerican","no","AfricanAmerican",18,0,1,84.2,64,8,1,"fundamentalist","no","yes","no",1,2,NA,78.31,4,5,7,NA,0,120
1564,"female",61,1957,"White","no","White",19,1,2,82.5,64,7,1,"fundamentalist","no","no","no",5,4,2,70.59,4,8,0,0,130,120
1565,"female",27,1991,"AfricanAmerican","no","AfricanAmerican",14,2,1,62.1,45,5,1,"fundamentalist","no",NA,"yes",2,4,1,NA,1,4,0,2,0,120
1566,"male",42,1976,"AfricanAmerican","no","AfricanAmerican",11,6,1,65.1,59,6,1,"moderate","yes",NA,"no",1,4,1,NA,1,0,10,7,180,120
1567,"male",51,1967,"AfricanAmerican","no","AfricanAmerican",16,2,3,59.1,53,5,6,"liberal","no","yes","no",1,4,2,80.77,1,3,0,8,190,120
1568,"male",38,1980,"White","no","White",12,1,1,41,39,0,1,"moderate","yes","yes","yes",6,6,NA,80.5,2,1,9,NA,210,120
1569,"female",44,1974,"White","no","White",15,1,3,19.6,31,3,1,"fundamentalist","no","yes","no",3,2,2,NA,1,0,0,5,100,90
1570,"male",37,1981,"AfricanAmerican","no","AfricanAmerican",17,0,4,82.5,64,3,1,"fundamentalist","yes","yes","yes",2,2,NA,70.78,4,1,6,NA,180,120
1571,"female",73,1945,"AfricanAmerican","no","AfricanAmerican",10,3,2,17.1,24,7,1,"fundamentalist","no",NA,"no",1,4,2,NA,1,1,5,6,0,90
1572,"male",21,1997,"AfricanAmerican","no","AfricanAmerican",15,0,4,14,21,7,1,"fundamentalist","yes","no","no",1,4,NA,89.36,2,6,12,NA,90,120
1573,"male",60,1958,"other","no","Other",12,0,4,62.6,66,8,1,"moderate","no","no","no",3,4,NA,69.77,3,1,2,NA,0,100
1574,"female",70,1948,"AfricanAmerican","no","AfricanAmerican",12,2,1,20.7,24,6,1,"fundamentalist","yes",NA,"no",1,4,2,NA,1,3,1,5,50,110
1575,"female",70,1948,"AfricanAmerican","no","AfricanAmerican",18,3,3,80.9,61,8,1,"fundamentalist","yes","no","no",1,7,NA,92.57,3,5,12,NA,0,100
1576,"male",89,1929,"AfricanAmerican","no","AfricanAmerican",14,4,1,24.6,39,5,1,"fundamentalist","no","no","no",1,4,1,NA,1,2,0,4,0,100
1577,"female",35,1983,"AfricanAmerican","no","AfricanAmerican",11,2,4,12.6,25,5,1,"fundamentalist","no",NA,"yes",1,2,2,NA,1,0,5,4,100,90
1579,"female",37,1981,"White","no","White",12,1,1,64.2,53,2,1,"moderate","yes",NA,"no",3,5,2,NA,1,1,10,3,180,120
1580,"male",71,1947,"White","no","White",15,3,1,23.8,25,8,1,"fundamentalist","yes",NA,"yes",4,4,2,NA,1,0,2,2,0,120
1581,"male",35,1983,"White","no","White",12,1,1,52,46,3,1,"fundamentalist","yes","yes","yes",7,6,NA,87.49,4,5,11,NA,0,120
1582,"male",78,1940,"White","no","White",14,2,1,77.4,72,8,1,"fundamentalist","yes",NA,"yes",5,4,1,NA,1,1,10,4,0,120
1583,"male",32,1986,"White","no","White",12,1,4,20.9,35,2,1,"fundamentalist","yes","yes","yes",6,5,NA,81.82,2,4,12,NA,40,120
1584,"male",62,1956,"White","no","White",14,5,3,87.9,60,0,2,"moderate","no","no","yes",7,7,2,NA,1,2,0,0,230,120
1585,"female",41,1977,"AfricanAmerican","no","AfricanAmerican",14,2,1,63.7,51,5,1,"fundamentalist","yes","yes","no",1,2,NA,71.74,1,1,3,NA,190,120
1586,"female",36,1982,"White","no","White",12,1,1,35.4,31,0,1,"moderate","no","yes","yes",4,4,2,48.97,2,5,0,0,0,100
1587,"male",20,1998,"AfricanAmerican","no","AfricanAmerican",13,0,4,20.7,24,2,2,"moderate","no","yes","no",2,4,2,NA,1,4,0,3,0,120
1588,"female",36,1982,"AfricanAmerican","no","AfricanAmerican",13,0,4,20.7,24,0,1,"fundamentalist","no",NA,"yes",1,3,2,NA,1,1,8,4,30,40
1589,"male",85,1933,"White","no","White",14,5,2,59.9,42,7,1,"fundamentalist","yes",NA,"yes",7,6,1,NA,1,0,8,6,0,120
1590,"male",71,1947,"AfricanAmerican","no","AfricanAmerican",16,3,2,43.5,39,7,1,"fundamentalist","yes",NA,"yes",1,3,2,NA,1,5,12,2,0,120
1591,"male",30,1988,"White","no","White",16,0,4,73.9,53,5,1,"moderate","yes","yes","yes",4,4,NA,80.61,4,5,8,NA,0,120
1592,"female",81,1937,"White","no","White",12,1,2,62.9,54,0,6,"liberal","no","yes","no",2,3,3,38.98,1,4,0,3,0,100
1593,"male",88,1930,"other","no","Other",11,5,1,77.4,72,7,5,"none","no",NA,"yes",4,4,1,NA,1,4,1,2,0,90
1594,"female",76,1942,"White","no","White",16,4,3,84.2,64,0,6,"liberal","no","yes","no",1,2,NA,80.29,2,4,12,NA,0,120
1595,"female",59,1959,"White","no","White",16,2,1,61.4,55,7,1,"liberal","no","no","yes",6,6,2,NA,1,7,0,1,190,120
1596,"female",88,1930,"White","no","White",14,3,2,84.2,64,4,1,"fundamentalist","yes",NA,"yes",7,7,2,NA,1,1,6,6,0,120
1597,"female",64,1954,"White","no","White",11,0,2,12.6,25,7,1,"liberal","no","yes","yes",1,6,NA,58.01,1,2,3,NA,0,100
1598,"female",75,1943,"White","no","White",12,0,4,84.2,64,8,1,"fundamentalist","no","no","yes",7,7,2,91.48,3,4,0,4,0,90
1599,"female",55,1963,"White","no","White",9,3,3,24.1,30,0,1,"fundamentalist","no","yes","yes",4,4,NA,32.31,1,1,12,NA,100,90
1600,"female",55,1963,"White","no","White",12,0,4,45.4,49,0,1,"moderate","no","yes","yes",2,3,NA,81,3,5,9,NA,170,120
1601,"male",61,1957,"other","no","Other",20,2,1,50.4,62,8,1,"fundamentalist","no","no","yes",4,4,1,NA,1,0,0,0,0,110
1602,"male",38,1980,"White","no","White",14,7,1,13.6,33,4,1,"fundamentalist","no","yes","yes",3,4,NA,88.77,3,4,2,NA,80,110
1603,"female",50,1968,"AfricanAmerican","no","AfricanAmerican",16,1,3,34.7,34,8,1,"fundamentalist","no","no","no",1,4,1,NA,1,4,0,6,0,100
1604,"female",54,1964,"AfricanAmerican","no","AfricanAmerican",16,2,4,51.7,31,3,1,"fundamentalist","no",NA,"no",1,5,1,NA,1,0,7,4,80,80
1605,"female",80,1938,"White","no","White",12,4,2,44.88,44,6,2,"moderate","no","no","no",7,5,NA,80.82,2,4,9,NA,0,110
1606,"female",33,1985,"AfricanAmerican","no","AfricanAmerican",17,0,4,71.4,62,5,6,"liberal","no",NA,"yes",4,4,1,NA,1,0,12,4,170,120
1607,"male",25,1993,"White","yes","Latinx",13,1,4,20.8,29,1,6,"liberal","no","yes","yes",3,4,NA,78.1,2,0,11,NA,90,100
1608,"male",22,1996,"other","yes","Latinx",14,0,4,34.59,38,0,6,"liberal","no","yes","no",4,5,1,NA,1,0,0,0,0,100
1609,"female",38,1980,"White","no","White",14,1,4,49.4,40,2,1,"fundamentalist","no",NA,"yes",3,4,4,NA,1,1,12,3,160,120
1610,"male",25,1993,"White","no","White",12,0,4,23.3,25,0,6,"liberal","no","no","no",4,4,NA,69.01,1,6,8,NA,0,100
1611,"male",63,1955,"White","yes","Latinx",12,2,4,34.6,36,0,6,"liberal","no",NA,"no",4,4,2,NA,1,3,8,4,160,120
1612,"male",22,1996,"White","no","White",13,0,4,59.1,38,2,2,"moderate","no","yes","yes",3,4,NA,70.38,1,4,3,NA,130,110
1613,"female",40,1978,"other","no","Other",12,1,1,32,33,5,5,"none","no","no","no",7,3,3,NA,1,9,0,2,150,120
1614,"female",69,1949,"White","no","White",12,2,1,23.8,25,7,2,"moderate","no",NA,"no",3,3,3,NA,1,1,8,2,0,120
1615,"female",20,1998,"White","no","White",14,0,4,84.5,74,7,2,"moderate","no","no","no",2,3,NA,79.07,4,7,5,NA,20,100
1616,"male",54,1964,"White","no","White",12,2,1,57.3,43,3,2,"moderate","no","yes","yes",6,4,2,84.53,2,2,0,2,190,120
1617,"male",19,1999,"White","no","White",12,0,4,39.7,31,3,2,"moderate","yes","yes","no",4,4,NA,80.69,4,6,12,NA,20,120
1618,"male",34,1984,"White","no","White",14,0,4,57.3,43,0,6,"liberal","no",NA,"no",3,3,3,NA,1,2,12,0,130,110
1619,"female",59,1959,"White","no","White",16,4,1,46.6,69,7,2,"moderate","no",NA,"no",5,6,NA,NA,1,0,2,1,0,110
1620,"male",59,1959,"White","no","White",17,3,1,77.4,72,0,6,"liberal","no","yes","yes",5,4,2,89.35,4,3,0,3,260,130
1621,"female",44,1974,"White","no","White",16,2,1,62,45,4,2,"moderate","yes",NA,"yes",6,6,2,NA,1,2,9,1,0,110
1622,"male",34,1984,"White","no","White",19,1,1,91.1,69,2,6,"liberal","no","yes","no",2,2,NA,67.73,3,3,12,NA,200,120
1623,"female",35,1983,"White","no","White",16,1,1,60.3,52,0,2,"moderate","no","yes","no",2,2,4,NA,1,3,0,0,160,120
1624,"female",42,1976,"White","no","White",16,4,1,52.6,44,4,2,"moderate","no",NA,"yes",6,3,2,NA,1,1,11,2,0,110
1625,"male",86,1932,"White","no","White",15,0,4,62,45,7,2,"moderate","no","no","yes",2,4,2,88.99,1,3,0,3,0,120
1626,"female",32,1986,"White","no","White",15,4,4,38.2,32,3,1,"fundamentalist","no",NA,"no",3,4,2,NA,1,1,11,0,130,110
1627,"female",61,1957,"White","no","White",12,0,3,24.2,48,4,1,"fundamentalist","no","yes","yes",4,6,NA,70.61,1,1,1,NA,0,90
1628,"male",19,1999,"White","no","White",12,0,4,25.2,28,5,6,"liberal","no","no","yes",7,7,2,NA,1,1,0,2,100,100
1629,"male",39,1979,"White","no","White",12,3,1,18.6,37,0,1,"none","no",NA,"yes",7,6,1,NA,1,0,9,1,0,120
1630,"female",71,1947,"White","no","White",8,4,1,19.6,31,2,2,"moderate","no","yes","no",3,2,1,90.43,1,1,0,8,0,120
1631,"female",49,1969,"White","no","White",12,5,1,27.7,27,2,6,"liberal","yes",NA,"no",5,5,3,NA,1,3,5,5,0,120
1632,"male",23,1995,"White","no","White",12,0,4,17.1,32,0,1,"moderate","yes","no","yes",7,5,NA,81.23,1,0,10,NA,90,100
1633,"female",56,1962,"White","no","White",12,2,1,24.2,48,1,1,"fundamentalist","no","yes","yes",4,3,NA,78.87,4,2,2,NA,130,120
1634,"male",47,1971,"White","no","White",12,5,3,31,42,0,1,"fundamentalist","no","yes","yes",4,6,2,89,1,1,0,3,200,120
1635,"female",89,1929,"White","no","White",12,3,2,35.8,32,7,1,"fundamentalist","yes",NA,"no",7,6,2,NA,1,4,7,4,0,110
1636,"female",66,1952,"White","no","White",14,3,3,26.1,48,0,2,"moderate","no","yes","yes",6,4,NA,49.71,1,0,12,NA,0,120
1637,"female",54,1964,"White","no","White",19,3,1,91.1,69,4,2,"moderate","yes",NA,"yes",6,6,2,NA,1,3,12,1,260,130
1638,"male",33,1985,"White","no","White",17,1,1,76.3,60,0,6,"liberal","no","yes","no",4,5,3,87.54,1,3,0,1,170,120
1639,"female",53,1965,"White","no","White",13,2,2,43,38,3,1,"liberal","yes",NA,"yes",2,4,1,NA,1,0,5,0,140,110
1640,"male",76,1942,"White","no","White",11,3,1,14,27,0,1,"fundamentalist","no","no","yes",7,6,NA,49.52,1,2,9,NA,0,100
1641,"female",86,1932,"White","no","White",11,2,2,44.9,44,8,1,"fundamentalist","no","no","yes",2,6,2,NA,1,1,0,6,20,120
1642,"male",61,1957,"White","no","White",16,0,1,36.5,25,5,1,"fundamentalist","no","no","yes",7,2,2,80.75,4,3,0,5,150,120
1643,"female",71,1947,"White","no","White",16,2,1,80.9,61,7,1,"liberal","yes",NA,"yes",2,5,3,NA,1,2,1,4,0,120
1644,"male",42,1976,"White","no","White",15,2,1,65.1,59,0,1,"fundamentalist","yes","yes","yes",4,6,NA,69.61,2,4,12,NA,180,120
1645,"female",23,1995,"White","no","White",14,1,3,39.7,31,7,1,"moderate","no","no","no",1,3,2,NA,1,6,0,6,0,120
1646,"male",44,1974,"White","no","White",12,2,3,57.4,50,0,1,"fundamentalist","no",NA,"yes",5,4,2,NA,1,0,11,8,0,90
1647,"male",63,1955,"White","no","White",15,3,3,39.7,31,8,1,"fundamentalist","yes","yes","yes",4,6,NA,68.88,1,4,6,NA,0,120
1648,"female",68,1950,"White","no","White",12,2,3,87.9,60,2,6,"liberal","no",NA,"yes",6,4,1,NA,1,0,6,1,0,120
1649,"female",30,1988,"White","no","White",12,0,4,38.8,47,2,1,"moderate","no","yes","yes",2,4,NA,78.9,2,4,11,NA,150,120
1650,"female",82,1936,"White","no","White",14,2,2,65.3,47,8,1,"fundamentalist","no","no","yes",5,7,2,NA,1,0,0,4,0,120
1651,"female",43,1975,"White","no","White",14,0,4,37.1,23,1,6,"liberal","no",NA,"no",1,1,3,NA,1,0,12,7,130,110
1652,"female",26,1992,"White","no","White",13,2,4,24.2,48,0,1,"moderate","no","yes","no",4,4,NA,70.44,3,9,5,NA,140,110
1653,"female",57,1961,"White","no","White",14,0,3,60.5,61,7,1,"fundamentalist","no","no","no",2,5,NA,60.12,3,1,7,NA,0,120
1654,"female",42,1976,"White","no","White",14,1,1,60.3,52,0,1,"liberal","no","yes","yes",1,2,3,NA,1,4,0,2,150,120
1655,"male",42,1976,"White","no","White",16,4,1,67.7,39,8,1,"fundamentalist","no",NA,"yes",7,5,1,NA,1,2,6,0,210,120
1656,"male",74,1944,"White","no","White",12,0,1,69.3,59,2,2,"moderate","no","no","yes",3,5,NA,90.31,1,2,0,NA,0,90
1657,"male",47,1971,"White","no","White",12,0,1,24.8,22,5,1,"moderate","no","yes","yes",4,5,2,81.79,3,1,0,4,190,120
1658,"male",65,1953,"White","no","White",19,0,3,43,38,1,1,"liberal","no","yes","yes",7,4,NA,80.89,1,0,12,NA,180,120
1659,"male",37,1981,"White","no","White",12,2,1,58.1,51,0,1,"moderate","no","yes","no",4,4,3,NA,1,4,0,1,160,120
1660,"male",89,1929,"White","no","White",8,5,3,20.7,24,0,1,"liberal","yes",NA,"yes",1,4,1,NA,1,2,6,1,0,110
1661,"male",44,1974,"White","no","White",12,1,3,39.7,31,2,1,"moderate","yes","yes","yes",5,4,NA,67.9,2,2,12,NA,140,110
1662,"female",77,1941,"White","no","White",12,2,3,25.7,38,1,1,"fundamentalist","no",NA,"yes",3,5,1,NA,1,1,9,6,80,100
1663,"male",23,1995,"White","no","White",13,0,4,23.7,35,0,1,"moderate","yes","yes","no",2,2,NA,79.26,1,7,7,NA,100,120
1664,"female",55,1963,"White","no","White",16,0,2,76.3,60,7,2,"moderate","no","yes","no",7,6,2,NA,1,2,0,2,220,120
1665,"male",37,1981,"White","no","White",19,3,3,59.8,46,0,6,"liberal","no","yes","yes",5,4,NA,58.06,1,6,12,NA,180,120
1666,"female",81,1937,"White","no","White",12,6,2,21.6,28,0,1,"liberal","no","no","yes",6,4,3,68.86,1,1,0,8,0,80
1667,"female",60,1958,"White","no","White",13,0,2,64.4,39,3,2,"moderate","yes",NA,"yes",7,4,1,NA,1,2,12,3,180,120
1668,"female",54,1964,"White","no","White",10,3,1,24.2,48,7,1,"fundamentalist","no","yes","no",3,4,2,NA,1,1,0,2,0,90
1669,"male",43,1975,"White","no","White",16,2,1,22.9,28,7,1,"liberal","no",NA,"no",2,3,1,NA,1,0,12,1,230,120
1670,"female",43,1975,"AfricanAmerican","no","AfricanAmerican",16,2,1,84.2,64,6,1,"fundamentalist","no","no","no",6,6,NA,79.87,3,8,10,NA,180,120
1671,"male",21,1997,"White","no","White",12,0,4,38.2,32,0,1,"fundamentalist","yes",NA,"yes",1,2,2,NA,1,0,10,4,170,120
1672,"female",51,1967,"White","no","White",14,4,3,63.7,33,7,1,"fundamentalist","yes","yes","yes",5,5,NA,80.19,4,2,12,NA,170,120
1673,"male",36,1982,"White","no","White",16,2,1,69.3,53,7,1,"fundamentalist","no",NA,"yes",5,4,1,NA,1,3,6,2,180,120
1674,"male",69,1949,"White","no","White",19,1,3,87.6,71,7,2,"moderate","yes","no","yes",7,6,NA,80.69,2,7,7,NA,0,120
1675,"male",74,1944,"White","no","White",19,6,1,35.5,43,7,1,"moderate","no","no","yes",7,6,2,88.11,1,4,0,4,160,120
1676,"male",69,1949,"White","no","White",16,2,3,23.8,25,3,1,"moderate","no","yes","no",6,5,2,NA,1,5,0,3,0,120
1677,"female",34,1984,"White","no","White",12,1,1,24.6,36,7,1,"moderate","no","no","yes",6,7,2,89.65,5,3,0,5,130,120
1678,"female",30,1988,"White","no","White",17,1,1,30,53,4,1,"liberal","no","yes","yes",1,4,2,NA,1,3,0,5,150,120
1679,"male",73,1945,"White","no","White",16,1,3,62.9,54,0,2,"moderate","no",NA,"yes",4,4,2,NA,1,1,11,2,170,120
1680,"male",34,1984,"White","no","White",15,2,1,61.2,43,2,2,"moderate","no","no","yes",4,4,2,68.78,4,1,0,3,40,120
1681,"male",34,1984,"White","no","White",16,0,1,86.5,73,3,1,"liberal","yes","yes","yes",1,3,NA,78.49,3,6,5,NA,220,120
1682,"male",39,1979,"White","no","White",17,1,1,86.5,73,3,1,"liberal","no","no","yes",4,4,2,NA,1,4,0,2,200,120
1683,"male",34,1984,"White","no","White",15,2,1,27.4,23,0,6,"liberal","yes",NA,"yes",4,7,1,NA,1,5,9,1,0,120
1685,"female",46,1972,"White","no","White",12,0,3,37.2,55,7,1,"moderate","no","yes","yes",4,4,NA,77.96,4,10,12,NA,180,120
1686,"male",37,1981,"White","no","White",20,4,1,71,58,0,6,"liberal","yes",NA,"no",5,6,2,NA,1,0,12,0,0,120
1687,"male",22,1996,"White","no","White",12,0,4,14.6,24,4,1,"liberal","yes","yes","no",1,2,NA,58.91,3,2,10,NA,0,120
1688,"male",55,1963,"White","no","White",12,0,3,57.5,48,1,1,"moderate","no","yes","yes",7,6,1,68.5,1,2,0,2,200,120
1689,"female",59,1959,"White","no","White",12,0,4,31.6,35,8,1,"moderate","no","no","yes",4,5,NA,69.15,1,4,3,NA,0,10
1690,"male",69,1949,"White","no","White",18,2,2,44.83,45,8,1,"moderate","yes",NA,"no",4,4,3,NA,1,1,4,6,80,110
1691,"female",55,1963,"White","no","White",16,3,3,28.7,51,5,1,"fundamentalist","no","no","yes",7,4,1,NA,1,2,0,2,100,100
1692,"male",78,1940,"White","no","White",15,0,1,50,47,7,2,"moderate","yes",NA,"yes",2,3,1,NA,1,0,7,3,180,120
1693,"female",88,1930,"White","no","White",16,5,2,28.7,51,7,1,"liberal","no","no","no",5,5,NA,69.51,3,4,12,NA,0,120
1694,"female",57,1961,"White","no","White",18,0,4,80.9,61,4,2,"moderate","no","no","yes",2,5,1,NA,1,3,0,8,200,120
1695,"male",41,1977,"White","no","White",9,0,3,25.1,44,0,1,"moderate","no","yes","yes",2,4,NA,32.07,1,7,7,NA,0,20
1696,"female",41,1977,"White","yes","Latinx",12,7,3,21.6,28,4,1,"fundamentalist","no",NA,"no",1,6,2,NA,1,0,7,1,0,100
1697,"female",56,1962,"White","no","White",11,2,3,21.6,28,2,1,"fundamentalist","no",NA,"no",2,6,2,NA,1,2,6,4,0,80
1698,"male",28,1990,"AfricanAmerican","no","AfricanAmerican",12,1,4,22.9,40,1,6,"liberal","no","yes","no",4,4,NA,90.86,1,4,10,NA,0,30
1700,"male",44,1974,"White","no","White",13,2,1,59.8,46,0,6,"liberal","yes",NA,"yes",3,4,2,NA,1,1,10,1,0,120
1701,"female",34,1984,"AfricanAmerican","no","AfricanAmerican",13,0,1,19.6,31,3,1,"fundamentalist","no","yes","no",2,3,NA,27.43,2,4,12,NA,0,90
1702,"male",58,1960,"White","no","White",16,0,3,64.5,48,7,1,"fundamentalist","no",NA,"yes",5,4,2,NA,1,1,3,1,200,120
1703,"male",57,1961,"AfricanAmerican","no","AfricanAmerican",12,2,3,20.7,24,2,1,"moderate","no","yes","no",2,4,1,61.95,1,3,0,3,180,120
1704,"female",19,1999,"AfricanAmerican","no","AfricanAmerican",12,0,4,17.1,24,2,6,"liberal","no",NA,"yes",2,6,2,NA,1,0,7,5,20,30
1705,"male",68,1950,"White","no","White",12,0,3,20.7,24,8,1,"liberal","yes","yes","yes",4,4,NA,83.18,4,0,10,NA,0,120
1706,"male",43,1975,"White","no","White",18,4,1,73.9,53,7,1,"fundamentalist","yes",NA,"yes",5,6,2,NA,1,0,12,0,230,120
1707,"male",64,1954,"White","no","White",16,0,4,74.6,46,1,5,"none","no","yes","yes",5,5,2,NA,1,0,0,2,0,80
1708,"male",43,1975,"White","no","White",15,0,4,37.8,36,2,6,"liberal","no","yes","yes",3,3,1,67.41,3,4,0,8,150,120
1709,"female",28,1990,"other","no","Other",19,0,1,84.5,74,2,3,"liberal","no",NA,"no",2,2,3,NA,1,0,12,2,80,120
1710,"female",23,1995,"White","no","White",17,0,4,22.4,33,0,6,"liberal","yes","yes","yes",4,4,NA,91.05,1,1,8,NA,0,20
1711,"male",51,1967,"White","no","White",13,2,2,25.4,38,0,1,"moderate","no","yes","yes",4,5,1,NA,1,4,0,2,0,120
1712,"female",37,1981,"White","no","White",12,2,4,44.14,43,2,2,"moderate","no",NA,"yes",4,4,1,NA,1,1,2,1,0,40
1713,"male",31,1987,"White","no","White",14,0,4,50.4,62,7,1,"moderate","no",NA,"yes",7,4,1,NA,1,2,11,2,0,120
1714,"female",44,1974,"White","no","White",18,1,3,61.4,55,0,6,"liberal","yes",NA,"yes",1,2,4,NA,1,1,9,1,260,130
1715,"male",24,1994,"White","yes","Latinx",17,0,4,84.5,74,1,6,"liberal","no","yes","no",3,3,2,68.7,2,1,0,1,40,110
1716,"male",22,1996,"White","no","White",14,0,4,45.76,43,0,6,"liberal","no",NA,"no",3,1,3,NA,1,0,10,1,0,20
1717,"male",22,1996,"White","no","White",15,0,4,27,38,0,6,"liberal","no",NA,"no",2,2,3,NA,1,1,10,5,0,20
1718,"male",24,1994,"AfricanAmerican","no","AfricanAmerican",17,0,4,36.33,39,3,1,"liberal","no","yes","no",2,3,2,70.86,5,3,0,2,0,50
1719,"male",23,1995,"White","yes","Latinx",12,2,4,36.2,43,0,6,"liberal","no",NA,"yes",3,4,1,NA,1,1,4,3,140,120
1720,"female",40,1978,"White","no","White",14,2,1,71.4,62,8,5,"none","no","yes","no",3,3,NA,83.67,2,3,12,NA,40,110
1721,"female",78,1940,"White","no","White",12,3,2,31.1,36,0,6,"liberal","yes",NA,"yes",3,4,3,NA,1,0,9,5,0,120
1722,"male",62,1956,"White","no","White",12,2,3,23.8,25,2,2,"moderate","no","yes","yes",4,4,NA,76.31,3,3,4,NA,200,120
1723,"male",55,1963,"White","no","White",15,2,1,69.3,59,0,6,"liberal","no","yes","yes",1,1,2,48.68,2,3,0,3,200,120
1724,"male",27,1991,"White","yes","Latinx",16,2,4,28.7,51,0,6,"liberal","no",NA,"yes",1,2,2,NA,1,0,12,0,160,120
1725,"female",25,1993,"other","no","Other",13,0,1,43,38,3,1,"moderate","no","yes","yes",4,4,1,NA,1,0,0,1,180,120
1726,"male",52,1966,"White","no","White",18,1,3,84.5,74,5,1,"liberal","yes",NA,"yes",4,5,1,NA,1,0,12,2,190,120
1727,"male",54,1964,"AfricanAmerican","no","AfricanAmerican",12,3,3,28.4,38,0,1,"fundamentalist","no","yes","yes",3,4,1,78.92,5,1,0,6,0,110
1728,"female",76,1942,"White","no","White",10,5,3,25,35,0,6,"liberal","no",NA,"yes",3,4,2,NA,1,2,10,9,0,80
1729,"male",52,1966,"White","no","White",14,0,4,29.6,30,5,1,"liberal","no","yes","yes",6,4,NA,80.92,1,1,12,NA,90,90
1730,"male",41,1977,"AfricanAmerican","no","AfricanAmerican",16,1,4,27.7,27,0,6,"liberal","no","yes","no",2,4,2,68.83,1,0,0,3,150,120
1731,"female",50,1968,"White","no","White",17,0,4,24.2,48,5,1,"liberal","no","no","yes",7,5,NA,91.61,3,4,8,NA,160,120
1732,"female",43,1975,"White","no","White",18,2,1,63.7,51,7,1,"fundamentalist","no","yes","yes",6,5,2,NA,1,3,0,2,0,120
1733,"male",69,1949,"White","no","White",12,0,1,83.8,70,5,1,"liberal","no","no","yes",5,4,1,81.9,1,1,0,3,170,120
1734,"female",51,1967,"White","no","White",12,2,1,21.8,35,2,1,"fundamentalist","yes",NA,"yes",6,5,2,NA,1,3,3,2,0,120
1735,"male",74,1944,"White","no","White",14,3,1,66.1,49,7,1,"moderate","no","no","no",6,4,1,90.33,3,5,0,3,0,120
1736,"female",48,1970,"White","no","White",12,2,1,25.7,38,8,1,"fundamentalist","yes",NA,"yes",5,7,1,NA,1,3,1,6,0,120
1737,"female",63,1955,"White","no","White",12,2,1,38.8,47,0,6,"liberal","no","yes","yes",1,2,2,NA,1,4,0,2,170,120
1738,"female",59,1959,"White","no","White",16,3,1,62.9,54,7,1,"moderate","yes",NA,"yes",7,7,1,NA,1,2,12,2,140,120
1739,"male",24,1994,"White","no","White",17,0,4,84.5,74,2,1,"fundamentalist","no","yes","yes",3,3,NA,77.73,4,4,7,NA,0,120
1740,"male",65,1953,"White","no","White",12,0,3,14.8,22,0,6,"liberal","no","no","no",7,5,NA,61.42,1,3,0,NA,0,20
1741,"female",63,1955,"AfricanAmerican","no","AfricanAmerican",11,1,4,20.8,29,5,1,"fundamentalist","no","yes","yes",2,5,2,77.97,3,0,0,6,0,90
1742,"female",39,1979,"White","no","White",16,0,3,84.2,64,4,1,"moderate","yes","no","yes",6,4,NA,72.19,4,0,12,NA,190,120
1744,"male",38,1980,"White","no","White",18,4,1,83.8,60,0,6,"liberal","no","yes","no",3,3,NA,70.82,3,2,12,NA,200,120
1745,"female",63,1955,"White","no","White",16,1,2,59.1,38,3,1,"moderate","no","yes","yes",2,4,2,NA,1,1,0,3,110,120
1746,"female",89,1929,"White","no","White",12,1,3,55.3,31,3,1,"liberal","no",NA,"yes",2,4,2,NA,1,0,4,5,30,100
1747,"male",63,1955,"AfricanAmerican","no","AfricanAmerican",11,6,4,20.7,24,3,1,"fundamentalist","no","yes","yes",1,7,2,50.1,1,0,0,6,30,90
1748,"male",58,1960,"White","no","White",10,2,2,38.1,39,7,1,"fundamentalist","yes",NA,"yes",5,5,1,NA,1,1,5,5,180,120
1749,"male",25,1993,"White","no","White",10,1,4,23.7,35,0,6,"liberal","yes","yes","yes",5,4,NA,70.2,1,2,11,NA,130,110
1750,"male",51,1967,"White","no","White",12,3,1,59.1,53,7,1,"fundamentalist","yes","no","yes",7,7,NA,91.84,5,3,10,NA,220,120
1751,"female",69,1949,"White","no","White",12,1,3,12.6,25,0,1,"fundamentalist","no",NA,"no",2,5,4,NA,1,0,2,1,100,120
1752,"female",45,1973,"White","no","White",16,2,1,92.2,72,6,1,"fundamentalist","yes","yes","yes",5,5,NA,77.45,3,7,12,NA,240,130
1753,"female",58,1960,"White","no","White",16,2,1,84.2,64,5,2,"moderate","no","no","yes",6,6,2,NA,1,6,0,2,10,120
1754,"female",73,1945,"White","no","White",12,1,2,33.4,40,5,1,"fundamentalist","no",NA,"no",2,3,3,NA,1,0,11,2,190,120
1755,"female",64,1954,"White","no","White",12,3,2,38.8,47,5,2,"moderate","no","yes","yes",4,5,1,77.77,3,0,0,1,0,120
1756,"female",35,1983,"White","no","White",16,2,1,41.1,53,2,6,"liberal","no","yes","no",4,4,4,NA,1,2,0,1,130,120
1757,"male",68,1950,"White","no","White",12,2,1,27.4,34,3,1,"liberal","yes",NA,"yes",3,4,2,NA,1,1,12,3,0,110
1758,"female",61,1957,"White","no","White",17,0,4,60.5,61,5,1,"liberal","no","yes","no",3,4,2,80.78,4,3,0,3,200,120
1759,"female",86,1932,"White","no","White",20,0,4,82.5,64,8,2,"moderate","no",NA,"no",3,4,1,NA,1,1,9,2,0,20
1760,"male",54,1964,"White","no","White",12,2,1,59.1,53,7,1,"moderate","no","no","no",7,7,NA,83.25,2,0,3,NA,200,120
1761,"female",47,1971,"White","no","White",16,3,1,82.5,64,0,1,"fundamentalist","no","yes","no",2,1,3,NA,1,4,0,3,190,120
1762,"female",65,1953,"White","no","White",14,4,1,26.6,34,0,6,"liberal","yes","yes","no",3,4,NA,84.23,1,3,12,NA,0,120
1763,"male",63,1955,"White","no","White",16,5,1,67.7,39,2,6,"liberal","no","no","yes",4,4,2,69.02,1,7,0,3,240,130
1764,"female",67,1951,"White","no","White",14,2,2,38.8,47,7,1,"fundamentalist","no","yes","yes",7,7,NA,89.23,4,8,11,NA,190,120
1765,"male",64,1954,"White","no","White",13,2,1,34.1,35,6,1,"fundamentalist","no","yes","no",6,6,1,78.73,1,0,0,1,180,120
1766,"female",23,1995,"White","no","White",13,1,1,25,35,0,6,"liberal","no",NA,"yes",4,4,1,NA,1,0,10,2,0,120
1767,"male",27,1991,"AfricanAmerican","no","AfricanAmerican",12,0,1,23.3,25,2,6,"liberal","no","yes","yes",5,4,3,68.02,1,5,0,4,160,120
1768,"female",26,1992,"White","no","White",12,1,4,68.6,50,4,2,"moderate","no",NA,"yes",5,5,1,NA,1,1,12,3,160,120
1769,"male",41,1977,"White","no","White",12,0,1,75.5,59,0,2,"moderate","yes","yes","yes",4,4,NA,90.2,1,6,6,NA,200,120
1770,"male",20,1998,"White","no","White",13,0,4,26.8,35,0,6,"liberal","no","yes","yes",2,4,2,NA,1,3,0,1,0,120
1771,"male",54,1964,"White","no","White",12,0,3,50,47,0,6,"liberal","no","yes","no",4,4,3,82.86,5,7,0,4,220,120
1772,"female",86,1932,"White","no","White",17,5,2,72.5,54,0,6,"liberal","no",NA,"no",1,1,4,NA,1,2,12,2,0,120
1773,"female",68,1950,"White","no","White",12,2,3,13.2,32,0,1,"fundamentalist","no","no","yes",5,5,3,NA,1,4,0,6,0,110
1774,"female",54,1964,"White","no","White",8,2,3,49.02,47,0,6,"liberal","yes",NA,"yes",6,2,3,NA,1,0,6,5,0,120
1775,"male",51,1967,"other","yes","Latinx",1,0,1,31.4,37,0,6,"liberal","no","no","no",1,2,NA,90.92,1,6,7,NA,10,120
1776,"male",61,1957,"White","no","White",14,1,1,65.2,60,0,6,"liberal","no","yes","no",1,1,NA,78.62,1,7,12,NA,150,120
1777,"male",89,1929,"White","no","White",14,4,2,56.9,49,7,1,"fundamentalist","no","no","yes",6,6,2,NA,1,2,0,5,0,120
1778,"female",54,1964,"White","no","White",12,3,1,21.6,28,6,1,"fundamentalist","no","no","no",4,6,NA,72.23,2,0,0,NA,140,120
1779,"male",72,1946,"White","no","White",20,0,4,80.9,61,7,1,"fundamentalist","no","yes","yes",3,5,NA,80.57,4,3,11,NA,0,120
1780,"female",19,1999,"White","yes","Latinx",13,0,4,21.6,28,0,6,"liberal","no","yes","no",5,6,2,NA,1,2,0,1,0,120
1781,"male",59,1959,"White","no","White",16,2,1,73.9,53,6,1,"moderate","no","yes","yes",7,6,NA,77.77,5,3,12,NA,220,120
1782,"female",31,1987,"White","no","White",12,1,4,36.9,48,6,1,"fundamentalist","no","no","no",7,5,NA,43.45,3,6,11,NA,130,120
1783,"female",23,1995,"White","no","White",12,1,4,24.2,48,0,6,"liberal","no","yes","yes",3,4,2,90.53,1,1,0,3,0,120
1784,"female",55,1963,"White","no","White",14,3,2,23.7,35,8,1,"liberal","no","no","yes",6,7,1,NA,1,8,0,0,10,110
1785,"female",34,1984,"White","no","White",16,3,1,76.7,56,6,1,"moderate","yes",NA,"yes",4,4,2,NA,1,3,6,1,190,120
1786,"female",37,1981,"White","no","White",15,2,1,69.3,53,1,1,"moderate","no","yes","yes",6,4,NA,79.92,4,2,12,NA,0,120
1787,"female",30,1988,"White","no","White",16,2,1,75.6,57,7,2,"moderate","yes",NA,"yes",5,4,2,NA,1,0,10,2,200,120
1788,"female",33,1985,"White","no","White",16,3,1,84.5,74,7,1,"moderate","yes",NA,"no",6,5,2,NA,1,0,3,0,150,120
1789,"male",48,1970,"White","no","White",16,0,3,39.2,38,7,1,"moderate","yes",NA,"yes",7,7,2,NA,1,2,11,4,200,120
1790,"female",60,1958,"White","no","White",16,2,1,75.5,59,7,1,"fundamentalist","yes",NA,"yes",7,7,2,NA,1,1,6,1,20,120
1791,"female",47,1971,"White","no","White",20,4,1,38.8,47,7,1,"fundamentalist","yes","no","no",3,3,NA,78.26,5,3,12,NA,0,120
1792,"female",52,1966,"White","no","White",12,0,3,68,50,2,1,"moderate","no","yes","yes",6,4,1,89.93,2,2,0,1,0,120
1793,"male",67,1951,"White","no","White",12,2,1,58.4,45,5,1,"moderate","yes","yes","no",1,4,NA,91.86,2,4,10,NA,0,120
1794,"male",29,1989,"White","no","White",13,2,4,34.1,35,7,3,"liberal","no","yes","no",4,5,3,NA,1,0,0,1,110,120
1795,"female",31,1987,"White","no","White",13,1,4,24.6,36,4,1,"fundamentalist","no",NA,"yes",6,3,2,NA,1,2,9,0,0,80
1796,"male",36,1982,"White","no","White",16,3,1,84,73,3,1,"moderate","yes","no","yes",7,6,NA,80.55,3,3,5,NA,210,120
1797,"female",64,1954,"White","no","White",18,0,4,62.9,54,2,1,"moderate","no","yes","no",1,2,3,80.68,3,1,0,3,190,120
1798,"female",89,1929,"White","no","White",16,2,2,47.38,47,6,1,"fundamentalist","no",NA,"no",7,4,NA,NA,1,3,6,3,0,110
1799,"female",63,1955,"White","no","White",16,2,1,84.2,64,3,1,"fundamentalist","no","yes","no",4,4,NA,80.35,2,2,8,NA,180,120
1800,"male",24,1994,"AfricanAmerican","yes","Latinx",11,1,4,17.1,24,4,1,"none","no",NA,"yes",4,4,2,NA,1,1,6,4,160,120
1801,"female",35,1983,"White","yes","Latinx",14,3,3,62.1,45,7,1,"liberal","no","yes","no",2,2,NA,80.05,5,2,10,NA,180,120
1802,"female",82,1936,"White","no","White",13,4,1,69.3,53,7,2,"moderate","no","no","no",6,6,2,NA,1,6,0,3,0,120
1803,"male",66,1952,"White","no","White",16,5,1,84.2,64,6,1,"moderate","yes",NA,"yes",5,5,1,NA,1,0,12,2,210,120
1804,"female",47,1971,"White","no","White",16,1,1,84.2,64,8,2,"moderate","no","no","no",7,6,4,NA,1,8,0,0,210,120
1805,"male",53,1965,"AfricanAmerican","no","AfricanAmerican",16,5,1,75.5,59,5,1,"moderate","yes","yes","yes",3,4,NA,90.94,3,6,12,NA,180,120
1806,"female",70,1948,"White","no","White",17,2,1,84.5,74,7,1,"liberal","no","yes","no",5,5,3,78.89,4,2,0,2,150,120
1807,"female",32,1986,"White","no","White",16,3,1,80.9,61,2,2,"moderate","no","no","no",2,3,NA,78.9,2,3,11,NA,0,120
1808,"female",26,1992,"White","no","White",12,0,4,35.8,32,0,6,"liberal","no",NA,"no",4,4,4,NA,1,1,12,6,130,110
1809,"female",35,1983,"White","no","White",16,2,1,61.4,46,7,2,"moderate","yes","no","yes",6,4,NA,77.18,4,1,12,NA,180,120
1810,"male",59,1959,"White","no","White",19,1,1,91.1,69,0,6,"liberal","no",NA,"yes",6,4,1,NA,1,1,11,2,230,120
1811,"male",55,1963,"White","yes","Latinx",14,4,1,56.9,49,7,2,"moderate","no",NA,"no",3,4,3,NA,1,0,11,2,160,120
1812,"female",41,1977,"White","no","White",16,2,1,73.6,67,6,1,"moderate","yes","yes","yes",3,4,NA,76.04,1,6,12,NA,0,120
1813,"male",85,1933,"White","no","White",14,2,2,82.5,64,3,1,"moderate","yes",NA,"no",4,4,4,NA,1,0,10,1,0,120
1814,"female",50,1968,"other","no","Other",16,2,3,61.2,43,4,1,"moderate","no","yes","yes",5,5,2,NA,1,0,0,2,200,120
1815,"male",56,1962,"White","no","White",12,3,3,14,27,0,2,"moderate","no","yes","no",3,4,NA,68.44,3,4,5,NA,0,80
1816,"male",77,1941,"White","no","White",12,6,2,39.9,46,3,2,"moderate","no",NA,"yes",7,6,2,NA,1,1,6,2,0,120
1817,"male",49,1969,"White","no","White",12,0,3,38.8,45,4,1,"moderate","no","yes","yes",1,4,NA,69.99,2,0,6,NA,170,120
1818,"male",57,1961,"White","no","White",14,2,3,69.3,53,0,6,"liberal","no","yes","yes",3,3,3,NA,1,3,0,0,220,120
1819,"male",66,1952,"White","no","White",14,2,3,43,38,0,6,"liberal","no",NA,"no",1,2,4,NA,1,2,12,8,0,100
1820,"male",56,1962,"AfricanAmerican","no","AfricanAmerican",13,1,4,10.6,20,2,3,"liberal","no","yes","yes",1,3,NA,72.35,1,5,1,NA,80,90
1821,"male",55,1963,"White","no","White",14,8,1,28.7,44,8,6,"none","no","no","yes",5,7,1,82.34,3,6,0,2,100,100
1822,"male",45,1973,"White","no","White",17,1,3,58.1,51,3,1,"fundamentalist","yes",NA,"yes",7,7,1,NA,1,2,12,3,230,120
1823,"male",66,1952,"White","no","White",14,0,1,59.1,53,0,1,"liberal","yes",NA,"yes",7,5,1,NA,1,0,12,5,0,110
1824,"male",60,1958,"White","no","White",12,0,1,17.5,22,0,1,"liberal","no","yes","yes",4,4,1,NA,1,7,0,8,70,110
1825,"female",58,1960,"White","no","White",12,5,1,56.8,44,2,1,"moderate","yes",NA,"no",5,6,3,NA,1,0,12,4,230,120
1826,"female",28,1990,"White","no","White",12,3,1,24.2,48,3,1,"moderate","yes","yes","yes",4,4,NA,89.72,1,0,9,NA,0,110
1827,"female",45,1973,"White","no","White",16,2,1,71.8,64,0,1,"fundamentalist","no","yes","yes",5,5,3,69.22,3,5,0,1,200,120
1828,"female",87,1931,"White","no","White",11,2,1,34.6,35,7,1,"fundamentalist","yes",NA,"no",5,5,2,NA,1,0,11,4,30,120
1829,"female",56,1962,"White","no","White",16,4,3,37.6,31,5,1,"moderate","yes","no","yes",7,6,NA,81.94,3,2,8,NA,240,120
1830,"male",24,1994,"White","no","White",12,0,4,17.1,24,0,6,"liberal","no","yes","yes",2,4,2,NA,1,0,0,1,160,120
1831,"female",72,1946,"White","no","White",13,1,1,52,46,6,1,"fundamentalist","yes",NA,"yes",7,6,1,NA,1,1,8,2,0,120
1832,"female",49,1969,"AfricanAmerican","no","AfricanAmerican",16,2,4,82.5,64,5,2,"moderate","no",NA,"yes",1,4,2,NA,1,0,7,3,180,120
1833,"female",25,1993,"AfricanAmerican","no","AfricanAmerican",12,0,4,24.2,48,1,6,"liberal","no","yes","yes",4,4,NA,82.31,2,8,4,NA,90,100
1834,"male",53,1965,"AfricanAmerican","no","AfricanAmerican",11,1,4,32,35,6,1,"fundamentalist","yes","yes","yes",1,6,NA,49.51,3,1,11,NA,0,90
1835,"male",23,1995,"AfricanAmerican","no","AfricanAmerican",12,1,4,21.3,33,2,2,"moderate","no",NA,"no",4,4,2,NA,1,1,4,4,0,110
1836,"female",23,1995,"AfricanAmerican","no","AfricanAmerican",12,3,4,21.6,28,1,2,"moderate","yes","no","yes",5,4,NA,78.43,3,3,5,NA,0,110
1837,"female",73,1945,"White","no","White",14,3,1,41.8,40,7,1,"fundamentalist","yes",NA,"yes",4,4,2,NA,1,1,5,3,140,120
1838,"female",18,2000,"White","no","White",12,2,1,21.8,35,7,2,"moderate","yes","no","yes",6,6,NA,90.82,2,6,8,NA,0,110
1839,"male",58,1960,"White","no","White",14,2,3,45.1,40,0,2,"moderate","no","no","yes",7,6,2,71.65,4,5,0,5,170,120
1840,"male",85,1933,"White","no","White",16,3,3,40.1,43,2,2,"moderate","yes",NA,"yes",6,6,1,NA,1,3,2,1,0,120
1841,"male",25,1993,"White","no","White",12,0,4,45.4,49,4,2,"moderate","no","yes","no",5,5,2,NA,1,5,0,2,120,100
1842,"female",72,1946,"White","no","White",16,3,3,67.8,52,7,1,"liberal","no","yes","no",1,2,4,90.79,5,4,0,1,220,120
1843,"female",70,1948,"White","no","White",13,0,4,59.9,42,7,2,"moderate","no",NA,"no",7,6,3,NA,1,0,5,4,0,60
1844,"female",62,1956,"AfricanAmerican","no","AfricanAmerican",12,4,3,38.3,50,7,2,"moderate","no","yes","yes",1,4,2,NA,1,0,0,5,110,110
1845,"male",85,1933,"AfricanAmerican","no","AfricanAmerican",19,1,2,75.5,59,7,1,"liberal","yes","yes","no",1,4,NA,82.22,3,7,3,NA,180,120
1846,"female",39,1979,"White","no","White",15,3,4,20.1,48,5,1,"fundamentalist","no","yes","yes",2,6,1,66.95,2,1,0,2,90,90
1847,"male",68,1950,"AfricanAmerican","no","AfricanAmerican",15,4,2,50.4,62,7,2,"moderate","no","no","no",1,2,NA,68.53,2,8,6,NA,180,120
1848,"female",64,1954,"White","no","White",12,2,3,62.9,54,6,2,"moderate","no",NA,"no",6,5,1,NA,1,1,1,2,150,120
1849,"male",75,1943,"White","no","White",12,3,2,46,49,7,2,"moderate","yes","no","yes",1,6,NA,79.3,4,5,0,NA,0,120
1850,"male",55,1963,"White","no","White",7,3,1,36.4,45,2,2,"moderate","no","no","no",1,4,2,77.25,1,3,0,7,0,80
1851,"male",35,1983,"AfricanAmerican","no","AfricanAmerican",12,6,1,42.2,40,2,6,"liberal","no","no","no",3,4,2,NA,1,2,0,3,0,120
1852,"female",24,1994,"White","yes","Latinx",12,1,4,24.2,48,2,2,"moderate","no",NA,"yes",4,6,2,NA,1,0,10,1,30,20
1853,"male",27,1991,"White","no","White",12,1,4,18.6,37,2,1,"fundamentalist","yes","yes","yes",6,6,NA,74.4,1,1,11,NA,150,120
1854,"female",28,1990,"White","yes","Latinx",10,1,1,25.7,38,5,2,"moderate","no",NA,"yes",4,4,3,NA,1,1,7,2,0,120
1855,"male",61,1957,"White","no","White",18,0,3,63.7,51,0,1,"fundamentalist","no","yes","yes",3,5,2,NA,1,2,0,2,0,120
1856,"female",67,1951,"White","no","White",13,2,1,41.4,60,7,1,"liberal","yes","no","yes",5,5,NA,89.11,3,5,12,NA,0,110
1857,"male",80,1938,"White","no","White",10,8,2,31,42,0,6,"liberal","no","no","yes",6,5,2,69.25,1,2,0,5,0,120
1858,"female",86,1932,"White","no","White",16,2,2,84.5,74,8,1,"liberal","yes","no","yes",1,2,NA,77.6,4,8,10,NA,0,120
1859,"female",33,1985,"other","yes","Latinx",12,0,1,14,21,1,2,"moderate","no",NA,"yes",4,2,1,NA,1,0,2,2,110,110
1860,"female",28,1990,"White","no","White",18,1,4,80.9,61,2,1,"fundamentalist","no","yes","yes",4,4,NA,78.76,1,2,10,NA,160,120
1861,"female",30,1988,"White","yes","Latinx",9,3,3,39.7,31,4,1,"moderate","no",NA,"no",4,4,1,NA,1,0,11,0,0,70
1862,"female",23,1995,"White","no","White",14,0,4,28.6,48,2,6,"liberal","no","yes","yes",3,2,NA,68.55,2,4,5,NA,20,10
1863,"female",45,1973,"other","no","Other",18,2,1,84.2,64,7,2,"moderate","no","no","no",3,4,4,NA,1,4,0,1,180,120
1864,"male",77,1941,"White","no","White",11,2,3,21.5,36,1,6,"liberal","yes",NA,"yes",7,6,2,NA,1,0,4,4,220,120
1865,"female",39,1979,"White","no","White",11,3,1,41,39,0,2,"moderate","no","yes","yes",4,4,1,69.45,1,2,0,4,0,120
1866,"male",81,1937,"White","no","White",14,3,1,43,38,7,1,"fundamentalist","yes","no","yes",7,6,NA,71.18,2,10,1,NA,0,120
1867,"female",32,1986,"other","yes","Latinx",9,5,3,21.6,28,1,6,"liberal","no",NA,"yes",4,4,2,NA,1,1,3,0,10,40
1868,"male",34,1984,"White","yes","Latinx",11,1,1,36.7,32,4,1,"moderate","no","yes","yes",6,4,NA,87.41,1,5,7,NA,200,120
1869,"female",39,1979,"White","no","White",19,2,4,80.9,61,7,1,"moderate","no",NA,"yes",2,4,1,NA,1,0,7,6,0,120
1870,"female",59,1959,"other","yes","Latinx",13,2,3,73.9,53,7,2,"moderate","yes","yes","no",3,4,NA,67.15,2,0,6,NA,180,120
1871,"male",49,1969,"other","yes","Latinx",13,4,3,31.3,26,5,1,"fundamentalist","yes",NA,"yes",4,6,1,NA,1,0,0,0,250,120
1872,"male",84,1934,"White","no","White",16,3,1,85.2,65,8,1,"moderate","yes","no","no",5,5,NA,67.84,3,4,9,NA,0,120
1873,"female",24,1994,"White","no","White",11,0,4,14,21,0,6,"liberal","no","yes","yes",4,4,2,NA,1,2,0,4,20,120
1874,"male",52,1966,"other","yes","Latinx",13,2,1,46,49,7,2,"moderate","no",NA,"yes",2,5,3,NA,1,1,0,1,0,120
1875,"female",36,1982,"White","no","White",12,3,1,46.7,29,7,1,"fundamentalist","no","no","yes",5,4,2,70.88,2,2,0,2,0,120
1876,"female",30,1988,"other","yes","Latinx",6,4,1,47.85,44,8,1,"liberal","no","no","no",4,1,2,NA,1,7,0,1,0,120
1877,"female",67,1951,"AfricanAmerican","no","AfricanAmerican",12,3,4,43.4,36,7,1,"fundamentalist","no",NA,"no",1,7,2,NA,1,2,3,11,0,90
1878,"male",18,2000,"White","yes","Latinx",10,0,4,45.11,42,0,6,"liberal","no","yes","yes",4,1,NA,65.92,5,6,11,NA,0,120
1879,"female",53,1965,"AfricanAmerican","no","AfricanAmerican",12,1,4,24.2,48,5,1,"fundamentalist","no","no","no",4,4,2,86.23,4,4,0,3,180,120
1880,"female",49,1969,"White","no","White",9,3,3,25.2,28,2,1,"fundamentalist","no","no","yes",7,4,NA,69.56,3,9,6,NA,30,50
1881,"female",24,1994,"AfricanAmerican","no","AfricanAmerican",13,3,4,21.8,35,0,6,"liberal","no",NA,"yes",3,4,1,NA,1,1,5,2,0,90
1882,"female",72,1946,"other","yes","Latinx",8,8,3,13.6,33,5,2,"moderate","no","no","no",2,4,NA,59.86,1,1,6,NA,0,70
1883,"female",54,1964,"White","yes","Latinx",12,3,1,26.8,35,5,2,"moderate","no",NA,"no",5,4,2,NA,1,1,7,2,0,120
1884,"male",21,1997,"other","yes","Latinx",12,0,4,20,29,3,2,"moderate","no",NA,"yes",5,3,NA,NA,1,1,2,0,10,60
1885,"male",34,1984,"other","yes","Latinx",9,4,1,45.4,49,5,2,"moderate","no","yes","yes",4,5,2,NA,1,2,0,1,200,120
1886,"female",60,1958,"White","no","White",12,2,3,37.2,55,0,6,"liberal","no",NA,"yes",2,4,2,NA,1,0,5,4,200,120
1887,"female",25,1993,"White","no","White",12,2,1,47.25,44,3,1,"fundamentalist","yes","yes","yes",7,6,NA,84.33,1,1,9,NA,0,120
1888,"female",53,1965,"other","yes","Latinx",12,3,3,35.8,32,7,6,"liberal","no","no","no",5,6,2,65.87,5,6,0,2,200,120
1889,"male",33,1985,"White","no","White",12,2,1,39.2,45,8,1,"moderate","yes",NA,"yes",4,4,2,NA,1,2,12,3,200,120
1890,"female",30,1988,"other","yes","Latinx",12,8,1,60.5,61,5,2,"moderate","no","yes","yes",5,4,NA,87.03,1,8,4,NA,170,120
1891,"male",43,1975,"other","yes","Latinx",11,3,3,27.7,27,2,2,"moderate","no","yes","yes",3,3,NA,80.7,1,0,2,NA,140,120
1892,"male",27,1991,"other","yes","Latinx",10,1,4,36.2,43,3,2,"moderate","no","yes","no",4,4,2,66.5,1,1,0,7,130,120
1893,"male",57,1961,"AfricanAmerican","no","AfricanAmerican",11,1,4,23.2,28,7,1,"fundamentalist","no","no","yes",4,4,NA,69.09,1,1,4,NA,0,110
1894,"female",43,1975,"other","yes","Latinx",8,4,4,12.6,25,1,2,"moderate","no","yes","yes",2,5,2,NA,1,6,0,8,0,20
1895,"female",49,1969,"other","yes","Latinx",13,2,3,13.6,33,3,2,"moderate","no",NA,"yes",1,5,2,NA,1,2,4,1,0,90
1896,"female",61,1957,"White","no","White",10,6,3,13.6,33,7,1,"fundamentalist","no","yes","yes",4,4,NA,70.78,2,2,2,NA,130,110
1897,"male",39,1979,"other","yes","Latinx",14,2,3,32,35,4,1,"moderate","no","yes","no",2,3,NA,69.88,3,1,1,NA,200,120
1898,"female",54,1964,"White","no","White",14,2,3,26.5,33,2,1,"fundamentalist","no","yes","no",7,7,1,78.16,5,2,0,4,0,120
1899,"female",55,1963,"other","yes","Latinx",8,5,1,13.6,33,6,2,"moderate","no",NA,"yes",2,3,1,NA,1,0,6,3,200,120
1900,"male",54,1964,"AfricanAmerican","no","AfricanAmerican",12,0,4,13.6,33,2,1,"fundamentalist","no","yes","yes",2,6,1,81.38,1,3,0,7,0,40
1901,"male",49,1969,"other","yes","Latinx",11,3,1,62,45,2,2,"moderate","no","yes","yes",6,4,2,NA,1,0,0,2,200,120
1902,"female",77,1941,"AfricanAmerican","no","AfricanAmerican",12,5,3,24.2,48,0,6,"liberal","no","no","no",4,4,2,82.03,1,2,0,4,20,80
1903,"female",80,1938,"White","yes","Latinx",10,5,1,17.1,24,8,1,"fundamentalist","no",NA,"no",4,6,3,NA,1,0,5,1,0,120
1904,"male",43,1975,"White","yes","Latinx",10,3,1,38.8,47,4,2,"moderate","no","no","yes",2,4,NA,86.58,1,6,9,NA,200,120
1905,"female",45,1973,"other","yes","Latinx",4,3,2,14,21,8,1,"fundamentalist","no",NA,"no",4,1,2,NA,1,2,5,1,30,90
1906,"male",33,1985,"AfricanAmerican","no","AfricanAmerican",15,4,1,36.4,52,5,1,"moderate","no",NA,"no",2,4,1,NA,1,0,6,3,190,120
1907,"male",51,1967,"White","no","White",14,0,3,46,49,3,1,"fundamentalist","yes","no","yes",7,4,NA,72.72,1,2,5,NA,230,120
1908,"female",34,1984,"White","no","White",12,3,4,13.6,33,2,1,"moderate","no","yes","yes",4,4,NA,60.48,3,1,4,NA,90,120
1909,"male",28,1990,"White","no","White",17,0,1,84.3,63,7,1,"moderate","yes","yes","yes",6,5,NA,79.84,4,4,10,NA,230,120
1910,"female",35,1983,"White","no","White",15,1,1,56.9,49,3,1,"fundamentalist","no","yes","yes",7,6,3,NA,1,4,0,1,180,120
1911,"male",61,1957,"White","yes","Latinx",16,3,2,75.7,63,7,2,"moderate","yes",NA,"yes",3,4,3,NA,1,0,9,2,260,130
1912,"female",35,1983,"White","yes","Latinx",20,0,1,82.5,64,1,6,"liberal","yes",NA,"no",3,4,2,NA,1,0,12,3,190,120
1913,"female",66,1952,"White","no","White",14,0,3,38.4,51,0,6,"liberal","no","yes","no",1,1,2,NA,1,0,0,2,180,120
1914,"male",43,1975,"White","yes","Latinx",12,2,3,68.6,50,2,1,"fundamentalist","yes",NA,"yes",7,5,2,NA,1,0,8,3,0,120
1915,"male",20,1998,"White","yes","Latinx",11,0,4,61.2,43,6,1,"moderate","no","yes","no",1,1,NA,92.57,1,0,7,NA,0,100
1916,"male",60,1958,"White","no","White",20,0,1,82.5,64,0,6,"liberal","no",NA,"no",4,4,4,NA,1,1,11,2,0,110
1917,"female",64,1954,"White","no","White",13,2,1,62.9,54,3,1,"liberal","yes","no","yes",7,6,NA,80.57,2,1,11,NA,0,120
1918,"male",34,1984,"other","yes","Latinx",12,0,4,33.2,37,0,6,"liberal","yes",NA,"no",4,4,3,NA,1,0,10,3,0,100
1919,"male",60,1958,"White","no","White",12,0,4,24.2,48,0,2,"moderate","no","yes","yes",2,4,3,68.42,2,2,0,3,180,120
1920,"male",34,1984,"White","no","White",12,0,4,28.7,44,2,2,"moderate","no","no","yes",5,4,2,NA,1,3,0,0,190,120
1921,"female",31,1987,"White","yes","Latinx",14,1,1,49.2,52,2,2,"moderate","yes","yes","yes",2,4,NA,79.61,1,2,7,NA,0,120
1922,"male",24,1994,"White","yes","Latinx",12,0,4,37.2,55,5,2,"moderate","no","no","no",6,4,2,NA,1,8,0,0,160,120
1923,"female",64,1954,"other","no","Other",16,4,3,91.1,69,0,6,"liberal","no",NA,"no",1,2,3,NA,1,0,12,1,190,120
1924,"female",38,1980,"White","yes","Latinx",15,2,4,19.6,31,1,1,"moderate","no","yes","yes",2,4,NA,47.5,1,2,8,NA,50,100
1925,"male",56,1962,"White","yes","Latinx",11,3,4,28.7,32,4,2,"moderate","yes",NA,"yes",2,5,2,NA,1,0,7,5,150,120
1926,"female",60,1958,"White","no","White",17,0,3,30.3,18,8,1,"fundamentalist","no","no","no",4,4,NA,80.19,5,0,10,NA,190,120
1927,"male",27,1991,"White","no","White",13,1,4,62,45,0,6,"liberal","yes",NA,"yes",4,4,2,NA,1,0,12,6,0,120
1928,"female",25,1993,"White","yes","Latinx",12,0,4,35.8,32,8,1,"fundamentalist","no","yes","yes",4,3,NA,70,2,0,9,NA,50,120
1930,"female",71,1947,"other","yes","Latinx",16,1,3,60.1,46,2,1,"liberal","no",NA,"yes",7,6,3,NA,1,0,9,1,0,120
1931,"male",73,1945,"White","no","White",11,1,1,71.8,55,1,1,"moderate","yes",NA,"yes",1,3,3,NA,1,1,12,4,90,120
1932,"female",61,1957,"White","no","White",20,2,1,84.2,64,0,3,"liberal","no","yes","no",1,2,NA,78.51,5,0,10,NA,0,120
1933,"female",30,1988,"White","yes","Latinx",9,3,3,12.6,25,0,6,"liberal","no","no","yes",4,1,2,58.15,1,1,0,2,0,90
1934,"female",66,1952,"White","no","White",20,1,3,84.5,74,0,6,"liberal","no","yes","no",2,1,3,NA,1,1,0,0,0,120
1935,"female",53,1965,"White","no","White",12,4,3,28.5,26,0,1,"fundamentalist","no",NA,"yes",5,5,1,NA,1,0,5,1,20,100
1936,"male",41,1977,"White","no","White",16,4,1,84.5,74,3,1,"moderate","no","yes","yes",1,3,NA,69.39,1,4,12,NA,0,110
1937,"female",56,1962,"White","no","White",18,4,1,87.3,65,5,1,"liberal","yes",NA,"yes",6,5,3,NA,1,0,7,1,210,130
1938,"female",26,1992,"White","no","White",16,0,1,59.1,38,3,5,"none","yes","no","no",2,3,NA,69.05,2,4,12,NA,0,120
1939,"male",39,1979,"White","no","White",19,3,1,76.3,60,5,1,"moderate","yes",NA,"yes",4,4,2,NA,1,0,11,0,230,120
1940,"female",60,1958,"White","no","White",16,2,1,34.6,42,5,2,"moderate","yes",NA,"yes",7,6,2,NA,1,3,12,3,0,110
1941,"male",56,1962,"White","no","White",20,2,1,92.1,72,2,1,"liberal","no",NA,"yes",6,5,1,NA,1,0,9,2,240,120
1942,"female",18,2000,"White","no","White",12,0,4,43.92,44,2,1,"moderate","no","no","no",2,2,NA,88.46,1,6,6,NA,0,110
1943,"female",62,1956,"White","no","White",16,3,1,57.8,37,7,1,"fundamentalist","no",NA,"yes",7,5,2,NA,1,0,11,0,0,120
1944,"female",48,1970,"White","no","White",14,1,1,41.1,53,0,6,"liberal","yes","yes","yes",2,4,NA,89.04,1,3,6,NA,0,120
1945,"female",44,1974,"White","no","White",20,2,1,67.7,39,4,1,"moderate","no","yes","no",6,5,3,72.2,3,4,0,1,230,120
1946,"male",55,1963,"White","no","White",16,1,1,77.4,72,0,2,"moderate","no",NA,"no",4,4,2,NA,1,0,12,1,260,130
1947,"male",21,1997,"White","no","White",15,0,4,41.96,42,2,3,"liberal","no","yes","yes",4,4,3,71.52,2,2,0,0,0,20
1948,"male",24,1994,"White","no","White",16,0,4,55.1,54,2,6,"liberal","no",NA,"no",2,2,4,NA,1,0,11,2,80,90
1949,"male",36,1982,"White","no","White",14,1,1,60.1,46,1,1,"moderate","no","yes","yes",7,6,3,80.49,1,5,0,6,0,120
1950,"male",29,1989,"White","no","White",16,0,4,50.4,62,0,6,"liberal","yes",NA,"yes",4,4,NA,NA,1,0,12,1,210,120
1951,"female",66,1952,"other","no","Other",15,1,3,46.6,69,5,1,"fundamentalist","no","yes","no",2,4,NA,89.63,1,5,7,NA,0,90
1952,"female",33,1985,"White","no","White",16,2,3,84.2,64,7,1,"moderate","no",NA,"no",6,6,2,NA,1,0,8,1,180,120
1953,"male",58,1960,"White","no","White",14,0,3,23.3,25,5,3,"liberal","no","yes","no",5,4,NA,69.73,2,4,11,NA,0,90
1954,"female",76,1942,"White","no","White",12,2,3,35.1,37,8,1,"fundamentalist","no",NA,"no",7,6,3,NA,1,2,11,6,0,100
1955,"male",46,1972,"White","yes","Latinx",12,1,4,34.1,35,1,2,"moderate","no","yes","yes",5,6,2,NA,1,3,0,2,80,120
1956,"female",30,1988,"White","no","White",12,1,4,13.6,21,0,6,"liberal","no",NA,"yes",3,4,4,NA,1,2,7,3,190,120
1957,"female",49,1969,"White","no","White",17,2,3,82.5,64,2,1,"moderate","no","no","yes",6,5,2,69.51,3,3,0,1,200,120
1958,"male",51,1967,"White","yes","Latinx",14,6,3,52,46,2,2,"moderate","yes",NA,"yes",7,4,2,NA,1,0,4,4,170,120
1959,"male",63,1955,"White","no","White",12,5,1,28.7,32,0,6,"liberal","yes","yes","yes",1,2,NA,70.37,1,2,5,NA,0,100
1960,"male",39,1979,"White","no","White",10,0,1,50.4,62,0,6,"liberal","no",NA,"no",1,1,4,NA,1,0,9,1,0,120
1961,"female",69,1949,"other","no","Other",14,4,3,28.5,26,4,1,"moderate","no","no","yes",6,6,NA,70.09,1,2,9,NA,110,120
1962,"male",24,1994,"White","yes","Latinx",12,2,1,31.2,45,0,6,"liberal","no",NA,"no",4,4,2,NA,1,1,7,2,160,120
1964,"female",42,1976,"other","yes","Latinx",6,4,3,14.8,22,6,2,"moderate","no","no","yes",4,4,1,63.15,1,8,0,0,20,120
1965,"male",30,1988,"other","yes","Latinx",12,3,1,39.2,45,0,6,"liberal","no",NA,"yes",4,4,3,NA,1,3,10,1,180,120
1966,"female",32,1986,"White","yes","Latinx",13,3,1,41.8,40,6,2,"moderate","no",NA,"yes",2,4,2,NA,1,3,7,1,180,120
1967,"female",41,1977,"other","yes","Latinx",6,4,1,44.66,42,7,2,"moderate","no","yes","no",4,5,2,NA,1,1,0,2,0,110
1968,"female",67,1951,"White","no","White",13,0,3,57.8,47,0,2,"moderate","no",NA,"no",1,3,2,NA,1,3,12,6,0,110
1969,"female",28,1990,"White","yes","Latinx",14,5,3,38.8,47,5,1,"moderate","no","no","no",4,4,NA,57.48,2,1,6,NA,130,110
1970,"female",60,1958,"other","yes","Latinx",16,0,4,62.9,54,5,2,"moderate","no","no","no",4,4,NA,84.12,3,0,12,NA,60,100
1971,"female",51,1967,"White","no","White",14,0,3,60.3,39,5,1,"moderate","no",NA,"yes",6,3,2,NA,1,2,10,1,230,120
1972,"male",32,1986,"White","no","White",16,0,4,51.8,49,2,6,"liberal","no","yes","no",3,4,NA,70.23,3,2,12,NA,160,120
1973,"male",28,1990,"AfricanAmerican","no","AfricanAmerican",16,1,4,23.8,25,2,1,"moderate","yes",NA,"no",1,4,1,NA,1,1,11,6,100,100
1974,"male",59,1959,"White","no","White",13,4,1,52,46,7,1,"fundamentalist","yes","no","yes",5,4,NA,78.48,1,2,10,NA,190,120
1975,"female",38,1980,"White","yes","Latinx",9,5,1,13.6,21,0,6,"liberal","no","no","yes",4,2,2,79.31,1,0,0,3,70,110
1976,"female",70,1948,"White","no","White",12,1,1,75.5,59,5,1,"fundamentalist","yes",NA,"yes",7,4,2,NA,1,2,11,5,0,120
1977,"male",36,1982,"AfricanAmerican","no","AfricanAmerican",15,5,4,23,31,1,1,"moderate","no","yes","no",6,4,NA,70.41,2,2,3,NA,120,120
1978,"male",29,1989,"White","yes","Latinx",16,2,4,69.4,47,4,1,"fundamentalist","no","yes","yes",5,4,2,NA,1,0,0,1,0,120
1979,"male",59,1959,"other","yes","Latinx",2,4,3,14,27,3,2,"moderate","no",NA,"yes",4,2,3,NA,1,2,6,1,70,80
1980,"female",42,1976,"other","yes","Latinx",9,3,1,34.7,47,6,1,"moderate","no","no","no",4,5,NA,69.73,4,0,1,NA,110,120
1981,"male",60,1958,"other","yes","Latinx",12,0,4,17.5,22,0,2,"moderate","no","no","no",1,4,1,68.59,1,2,0,8,0,90
1982,"male",56,1962,"White","yes","Latinx",13,4,3,28.3,40,0,1,"moderate","no",NA,"yes",1,1,3,NA,1,0,5,1,0,20
1983,"male",34,1984,"White","yes","Latinx",18,0,4,73.9,53,0,1,"fundamentalist","yes","yes","yes",3,4,NA,67.4,2,6,11,NA,210,120
1984,"female",32,1986,"White","yes","Latinx",16,1,4,79.6,59,0,6,"liberal","no","yes","no",3,1,4,NA,1,2,0,1,150,120
1985,"female",22,1996,"AfricanAmerican","no","AfricanAmerican",12,0,4,24.1,30,1,1,"moderate","no","yes","no",5,4,NA,60.51,3,4,5,NA,60,100
1986,"female",35,1983,"other","yes","Latinx",13,3,1,28.5,26,0,6,"liberal","no","yes","no",3,3,2,70.21,1,1,0,4,50,120
1987,"female",22,1996,"AfricanAmerican","yes","Latinx",12,2,4,31.6,34,3,6,"liberal","no","yes","no",4,4,NA,88.21,3,1,8,NA,0,90
1988,"female",25,1993,"White","no","White",12,0,4,21.8,35,3,1,"moderate","no",NA,"yes",6,4,2,NA,1,2,6,2,0,50
1989,"male",44,1974,"other","yes","Latinx",12,5,4,60.3,39,0,1,"moderate","no","yes","no",4,1,NA,91.96,1,0,1,NA,0,110
1990,"female",66,1952,"other","yes","Latinx",12,3,3,20.1,48,3,2,"moderate","no","no","no",2,4,2,72.45,1,1,0,5,120,120
1991,"male",44,1974,"other","yes","Latinx",11,0,4,14.8,22,0,2,"moderate","no",NA,"yes",7,6,1,NA,1,1,6,6,10,80
1992,"male",47,1971,"other","yes","Latinx",0,2,2,13.6,33,3,2,"moderate","no","no","no",4,4,NA,78.94,1,3,6,NA,40,50
1993,"male",21,1997,"White","no","White",12,1,4,18.6,37,0,6,"liberal","no",NA,"no",4,4,3,NA,1,0,7,0,90,100
1994,"female",43,1975,"White","yes","Latinx",9,3,3,14,27,1,2,"moderate","no",NA,"no",4,4,4,NA,1,1,3,3,0,120
1995,"male",51,1967,"White","no","White",8,2,3,14,27,7,1,"fundamentalist","no",NA,"no",4,4,2,NA,1,1,0,4,0,90
1996,"female",67,1951,"White","no","White",14,3,1,38.8,47,0,1,"liberal","no","yes","yes",3,3,3,NA,1,4,0,3,0,120
1997,"male",71,1947,"White","no","White",14,7,1,31.2,45,0,2,"moderate","no","yes","no",2,3,3,79.08,3,2,0,4,0,120
1998,"female",85,1933,"White","no","White",16,4,2,71.7,61,0,6,"liberal","yes","yes","no",1,1,NA,81.72,1,0,12,NA,0,120
1999,"female",72,1946,"White","no","White",19,2,3,71.4,62,0,1,"moderate","no","yes","no",1,1,3,NA,1,3,0,5,0,120
2000,"female",51,1967,"other","no","Other",12,2,4,31.6,35,0,6,"liberal","no","yes","yes",1,2,3,85.16,3,1,0,3,0,120
2001,"male",81,1937,"other","yes","Latinx",11,6,1,47.99,46,7,2,"moderate","yes",NA,"yes",7,7,2,NA,1,5,2,3,0,90
2002,"female",60,1958,"White","no","White",15,2,3,63.7,51,0,6,"liberal","no","no","no",1,2,4,70.53,3,3,0,0,160,120
2003,"female",56,1962,"White","no","White",17,2,1,52,46,5,1,"liberal","no","no","no",6,6,3,NA,1,0,0,2,190,120
2004,"female",55,1963,"White","yes","Latinx",17,2,1,80.9,61,3,1,"liberal","no","no","yes",7,6,3,69.91,2,7,0,3,220,120
2005,"male",49,1969,"White","no","White",15,0,1,78.3,51,0,6,"liberal","no",NA,"yes",1,3,3,NA,1,0,11,1,0,120
2006,"female",64,1954,"White","no","White",15,1,1,84.2,64,1,1,"moderate","no","no","no",6,6,2,82.06,1,0,0,3,0,120
2007,"female",29,1989,"other","yes","Latinx",20,0,4,13.6,21,0,6,"liberal","no","yes","no",2,2,NA,71.06,2,1,10,NA,0,90
2008,"female",46,1972,"White","no","White",16,3,3,91.1,69,0,6,"liberal","no","no","no",1,3,3,NA,1,4,0,1,200,120
2009,"female",19,1999,"White","yes","Latinx",12,0,4,44.13,44,0,6,"liberal","no","yes","yes",1,2,NA,68.58,1,0,10,NA,0,50
2010,"female",19,1999,"other","yes","Latinx",12,0,4,35.28,39,5,2,"moderate","no","yes","no",3,4,3,NA,1,1,0,2,0,80
2011,"male",19,1999,"White","no","White",12,0,4,44.27,43,0,6,"liberal","no",NA,"no",1,2,2,NA,1,1,11,2,0,10
2012,"female",41,1977,"White","no","White",16,2,1,89.1,62,8,1,"moderate","no","no","yes",7,6,2,71.07,3,5,0,2,0,120
2013,"male",25,1993,"White","no","White",16,0,4,32.6,50,0,6,"liberal","no","yes","yes",1,2,NA,69.16,1,3,10,NA,120,100
2014,"male",73,1945,"White","no","White",15,2,1,52.1,38,8,1,"moderate","yes",NA,"yes",4,5,2,NA,1,0,6,2,0,110
2015,"male",74,1944,"White","no","White",13,3,1,53.1,60,2,2,"moderate","no","yes","yes",4,4,1,80.35,3,1,0,3,0,120
2016,"female",53,1965,"White","no","White",12,0,1,84.2,64,8,2,"moderate","no","yes","yes",7,7,1,80.29,2,2,0,2,130,110
2017,"female",49,1969,"White","no","White",12,2,3,20.8,39,0,1,"liberal","yes",NA,"yes",7,6,1,NA,1,0,10,1,0,120
2018,"male",69,1949,"White","no","White",15,3,1,28.7,44,2,2,"moderate","yes","no","yes",7,4,NA,69.56,4,2,3,NA,0,120
2019,"male",55,1963,"White","no","White",18,2,1,79.4,65,4,1,"moderate","no","no","yes",7,6,2,NA,1,4,0,1,260,130
2020,"male",51,1967,"White","no","White",15,2,1,59.8,45,2,6,"liberal","yes",NA,"yes",6,4,3,NA,1,3,12,1,0,120
2021,"male",68,1950,"White","no","White",14,0,4,57.4,50,0,1,"moderate","no","no","yes",2,4,2,70.55,1,3,0,3,0,120
2022,"female",66,1952,"White","no","White",15,0,1,52,46,7,2,"moderate","yes",NA,"yes",6,7,1,NA,1,0,5,1,0,120
2023,"male",63,1955,"other","no","Other",18,3,3,69.3,59,7,1,"fundamentalist","no","yes","yes",6,6,2,NA,1,3,0,2,0,120
2024,"male",57,1961,"White","no","White",17,2,3,46.2,33,0,6,"liberal","yes",NA,"yes",3,1,3,NA,1,0,10,3,220,120
2025,"male",44,1974,"White","no","White",20,2,1,75.2,66,6,2,"moderate","yes","no","no",7,5,NA,79.15,4,6,12,NA,250,130
2026,"female",26,1992,"AfricanAmerican","no","AfricanAmerican",16,0,4,82.5,64,0,1,"moderate","yes",NA,"no",4,1,2,NA,1,0,9,2,180,120
2027,"male",44,1974,"White","no","White",20,0,4,85.8,73,3,1,"liberal","no","yes","no",1,2,NA,79.08,3,0,12,NA,180,120
2028,"female",58,1960,"White","no","White",19,3,3,92.2,72,0,6,"liberal","no",NA,"no",2,4,2,NA,1,0,12,0,250,120
2029,"female",41,1977,"White","no","White",14,1,3,13.6,33,0,6,"liberal","no","yes","yes",4,4,1,70.01,1,1,0,2,130,110
2030,"male",24,1994,"White","no","White",19,2,1,39.7,31,2,1,"moderate","yes","yes","no",4,6,NA,72.54,3,4,12,NA,0,80
2031,"female",28,1990,"White","no","White",15,0,1,61.4,46,0,5,"none","no",NA,"no",3,3,2,NA,1,1,7,4,130,120
2032,"female",36,1982,"White","no","White",16,1,4,65.3,47,1,6,"liberal","no","yes","yes",1,3,3,NA,1,1,0,1,170,120
2033,"male",34,1984,"White","no","White",14,2,1,78.3,51,0,6,"liberal","no","yes","no",1,2,NA,82.29,1,5,11,NA,20,120
2034,"female",25,1993,"White","no","White",14,0,1,77.3,52,0,6,"liberal","no","yes","no",1,1,3,80.66,3,1,0,0,130,120
2035,"female",62,1956,"other","no","Other",14,2,1,56.8,44,0,6,"liberal","no","yes","no",1,1,NA,74,3,0,9,NA,160,120
2036,"female",33,1985,"White","no","White",12,1,4,35.8,32,0,6,"liberal","no","yes","no",3,2,3,NA,1,1,0,2,160,120
2037,"male",37,1981,"White","no","White",14,1,4,87.9,60,2,6,"liberal","no",NA,"yes",2,3,3,NA,1,0,12,3,150,120
2038,"male",36,1982,"White","no","White",9,0,3,46,49,0,1,"moderate","no","yes","yes",7,6,NA,62.45,1,8,6,NA,160,120
2039,"male",41,1977,"White","yes","Latinx",10,0,3,19.2,35,0,6,"liberal","no",NA,"no",4,4,2,NA,1,0,10,0,0,110
2040,"female",61,1957,"other","no","Other",12,4,3,68.6,53,3,5,"none","no","yes","yes",1,2,1,NA,1,0,0,2,200,120
2041,"male",71,1947,"White","no","White",19,1,1,84,73,2,2,"moderate","yes",NA,"yes",7,7,1,NA,1,0,12,2,220,130
2042,"male",53,1965,"White","no","White",20,0,1,80.9,61,0,5,"none","no","yes","no",1,2,4,NA,1,9,0,0,200,130
2043,"male",44,1974,"other","no","Other",12,2,3,18.6,37,2,2,"moderate","no",NA,"no",3,4,3,NA,1,3,12,3,160,120
2044,"male",50,1968,"other","yes","Latinx",14,2,3,39.2,45,7,1,"moderate","no","no","no",4,4,NA,71.52,3,0,7,NA,190,120
2045,"male",75,1943,"White","no","White",11,3,3,31.6,35,0,5,"none","no","yes","no",2,2,2,61.25,1,0,0,7,0,100
2046,"female",69,1949,"other","no","Other",16,2,2,30,53,7,1,"liberal","yes","yes","yes",6,5,NA,78.17,4,1,9,NA,0,120
2047,"female",63,1955,"White","no","White",18,3,1,52.82,48,2,1,"fundamentalist","yes",NA,"yes",6,6,1,NA,1,0,12,4,0,120
2048,"female",80,1938,"other","yes","Latinx",12,2,2,56.9,49,5,6,"liberal","no","yes","no",1,1,2,89.58,1,1,0,6,0,90
2049,"male",66,1952,"White","yes","Latinx",12,3,1,28.5,26,7,1,"moderate","yes",NA,"no",4,4,2,NA,1,1,4,3,50,120
2050,"male",35,1983,"White","no","White",12,0,3,27.2,41,0,6,"liberal","yes",NA,"yes",6,6,1,NA,1,0,11,0,180,120
2051,"male",44,1974,"White","no","White",12,0,1,59.9,42,7,1,"fundamentalist","yes","yes","no",4,5,NA,68.41,2,0,12,NA,180,120
2052,"female",81,1937,"White","no","White",12,6,2,12.6,25,0,6,"liberal","no",NA,"yes",3,2,2,NA,1,0,5,3,0,90
2053,"male",76,1942,"White","no","White",14,4,1,73.5,58,7,1,"moderate","yes","no","yes",7,6,NA,92.24,1,4,11,NA,0,120
2054,"female",34,1984,"White","no","White",12,2,1,23.8,25,0,6,"liberal","yes","yes","yes",4,4,NA,82.91,1,0,6,NA,0,120
2055,"male",18,2000,"White","no","White",8,0,4,13.6,33,0,6,"liberal","no",NA,"yes",7,7,1,NA,1,0,11,2,40,120
2056,"male",36,1982,"White","no","White",12,0,4,13.6,33,0,6,"liberal","no","yes","no",3,2,NA,49.76,1,3,10,NA,150,120
2057,"female",70,1948,"White","no","White",14,1,3,64.5,48,0,1,"moderate","no","no","yes",7,6,2,63.54,1,6,0,2,0,100
2058,"female",41,1977,"White","no","White",11,3,1,37.6,31,0,6,"liberal","yes","yes","yes",4,4,NA,71.97,1,2,8,NA,0,120
2059,"female",34,1984,"White","yes","Latinx",12,3,1,68.6,50,8,1,"fundamentalist","no","no","yes",5,7,2,NA,1,3,0,3,0,110
2060,"male",57,1961,"White","no","White",12,0,3,23.3,25,0,6,"liberal","yes",NA,"yes",6,5,2,NA,1,1,12,6,0,120
2061,"female",30,1988,"White","no","White",14,3,4,14.6,24,2,1,"moderate","yes","yes","yes",3,4,NA,68.92,2,2,7,NA,0,110
2062,"female",56,1962,"White","yes","Latinx",14,3,3,35.8,32,3,6,"none","no","no","yes",4,4,2,NA,1,0,0,3,170,120
2063,"female",53,1965,"White","yes","Latinx",12,2,4,39.7,31,2,2,"moderate","no",NA,"no",1,5,2,NA,1,0,2,1,120,120
2064,"female",54,1964,"White","no","White",18,3,1,59.1,38,7,2,"moderate","no","no","yes",6,6,2,88.32,3,6,0,1,40,120
2065,"female",70,1948,"White","no","White",14,0,2,76.3,60,0,1,"moderate","no","yes","yes",4,4,1,NA,1,2,0,5,0,120
2066,"male",37,1981,"other","yes","Latinx",12,0,4,46,49,4,6,"liberal","yes","yes","yes",5,4,NA,80.48,2,0,11,NA,30,30
2067,"male",59,1959,"other","yes","Latinx",9,6,1,18.6,37,6,1,"fundamentalist","no","yes","yes",5,4,3,91.37,4,8,0,4,0,40
2068,"female",51,1967,"White","yes","Latinx",10,2,3,33.2,37,5,1,"fundamentalist","no","no","yes",3,7,3,NA,1,10,0,2,130,110
2069,"female",52,1966,"White","no","White",14,2,1,46.6,69,1,1,"none","yes","yes","no",5,4,NA,78.77,1,1,11,NA,190,120
2070,"female",53,1965,"White","no","White",15,3,3,23.3,27,4,1,"moderate","no","yes","yes",3,7,1,71.23,3,0,0,3,0,90
2071,"female",60,1958,"White","yes","Latinx",11,3,3,27,38,0,1,"fundamentalist","no","yes","yes",5,5,NA,78.7,1,3,11,NA,0,100
2072,"female",18,2000,"White","no","White",11,0,4,59.4,65,0,5,"none","no","no","yes",2,3,4,NA,1,6,0,1,0,100
2073,"female",33,1985,"White","no","White",9,3,1,14,21,4,1,"moderate","no",NA,"yes",3,1,1,NA,1,1,9,8,0,110
2074,"male",22,1996,"White","yes","Latinx",12,0,4,23.3,25,0,6,"liberal","no","yes","yes",5,6,1,NA,1,2,0,8,120,110
2075,"female",53,1965,"White","yes","Latinx",12,6,3,38.2,32,2,2,"moderate","no",NA,"yes",5,4,1,NA,1,1,6,2,90,110
2076,"female",66,1952,"White","no","White",12,2,2,39.7,31,0,6,"liberal","no","no","yes",2,3,NA,75.96,1,0,7,NA,160,120
2077,"male",28,1990,"White","no","White",18,0,4,62.9,54,7,1,"moderate","no","yes","no",3,3,2,69.94,3,0,0,3,190,120
2078,"female",27,1991,"White","no","White",12,2,1,12.6,25,1,6,"liberal","yes",NA,"no",4,4,2,NA,1,0,12,3,0,120
2079,"male",89,1929,"White","no","White",12,2,2,14,27,3,6,"liberal","yes","no","yes",4,4,NA,61.72,2,1,5,NA,0,100
2080,"male",26,1992,"AfricanAmerican","no","AfricanAmerican",12,2,1,23.3,25,7,1,"moderate","no","yes","no",3,2,1,81.29,3,2,0,4,140,120
2081,"female",28,1990,"White","no","White",14,0,1,21.8,35,0,1,"fundamentalist","yes",NA,"yes",4,4,2,NA,1,1,12,4,90,90
2082,"female",66,1952,"White","no","White",14,2,1,53.19,48,2,2,"moderate","no","yes","yes",7,6,2,NA,1,0,0,2,100,120
2083,"male",59,1959,"White","no","White",14,2,1,34.7,34,7,1,"moderate","yes",NA,"yes",4,6,2,NA,1,2,8,1,130,120
2084,"male",80,1938,"White","no","White",16,4,1,79.4,65,7,2,"moderate","no","yes","yes",7,6,2,77.96,2,7,0,3,0,120
2085,"female",75,1943,"White","no","White",12,3,1,39.7,31,3,1,"moderate","yes",NA,"yes",6,6,4,NA,1,2,6,1,40,110
2086,"female",73,1945,"White","no","White",12,2,1,21.6,28,3,1,"fundamentalist","no","yes","yes",6,4,2,NA,1,0,0,3,0,120
2087,"male",64,1954,"White","no","White",12,5,1,27.2,41,6,1,"liberal","no","no","yes",6,4,1,68.89,3,3,0,1,170,120
2088,"male",36,1982,"other","yes","Latinx",14,3,1,36.4,45,5,1,"fundamentalist","yes","yes","yes",7,6,NA,66.18,3,2,9,NA,200,120
2089,"male",65,1953,"White","no","White",8,0,1,45.4,49,8,1,"fundamentalist","yes",NA,"no",5,6,1,NA,1,0,2,7,0,100
2090,"male",82,1936,"White","no","White",12,3,2,53.6,56,7,1,"fundamentalist","no","no","yes",7,2,2,81.63,1,3,0,5,0,120
2091,"female",29,1989,"White","no","White",13,1,4,39.7,31,2,2,"moderate","no","yes","yes",5,4,NA,89.62,1,0,10,NA,80,90
2092,"male",37,1981,"White","no","White",16,1,1,81,63,5,1,"liberal","no","yes","yes",1,3,2,68.49,3,3,0,2,200,120
2093,"male",39,1979,"White","no","White",17,4,1,36.4,52,0,6,"liberal","yes",NA,"yes",6,4,2,NA,1,0,12,1,210,120
2094,"female",40,1978,"White","no","White",14,2,1,73.9,53,7,1,"moderate","yes","yes","no",7,6,NA,77.44,5,0,11,NA,200,120
2095,"female",39,1979,"White","no","White",16,3,1,24.6,36,7,2,"moderate","no","yes","no",2,4,1,NA,1,3,0,0,90,120
2096,"female",63,1955,"White","no","White",12,2,1,12.6,25,0,1,"fundamentalist","yes","yes","yes",7,6,NA,78.6,1,1,8,NA,0,120
2097,"female",39,1979,"White","yes","Latinx",12,2,1,13.6,21,7,1,"fundamentalist","no",NA,"yes",7,5,2,NA,1,0,3,1,0,100
2098,"female",33,1985,"White","yes","Latinx",14,1,4,20.8,39,5,6,"liberal","no","yes","yes",5,3,NA,73.56,3,7,12,NA,160,110
2099,"female",57,1961,"White","no","White",13,4,3,65.3,60,4,1,"fundamentalist","yes",NA,"yes",6,5,1,NA,1,0,8,2,160,120
2100,"female",44,1974,"White","no","White",16,2,2,84.2,64,0,1,"none","yes","yes","yes",3,5,NA,79.74,1,3,8,NA,200,120
2101,"female",43,1975,"White","no","White",17,2,1,84.2,64,4,1,"fundamentalist","yes",NA,"yes",6,4,2,NA,1,1,4,4,140,120
2102,"male",48,1970,"White","no","White",15,3,1,76.3,60,7,1,"moderate","no","no","yes",5,6,NA,84.22,2,1,12,NA,240,120
2103,"male",27,1991,"White","no","White",12,0,4,34.1,35,0,6,"liberal","yes","yes","yes",4,4,NA,73.08,2,1,6,NA,190,120
2104,"female",59,1959,"White","no","White",12,6,2,38.8,47,0,6,"liberal","no","yes","no",2,3,NA,82.44,1,3,8,NA,0,120
2105,"male",46,1972,"other","no","Other",13,3,1,53.6,56,0,1,"none","yes",NA,"yes",3,4,2,NA,1,0,12,3,200,120
2106,"male",51,1967,"White","no","White",14,3,1,39.1,48,2,1,"moderate","no","no","yes",6,5,NA,65.72,1,3,0,2,190,110
2107,"male",63,1955,"White","no","White",16,2,1,89.3,75,0,6,"liberal","no","no","no",7,4,NA,89.85,3,1,8,NA,200,120
2108,"female",76,1942,"White","no","White",12,2,2,24.2,48,7,1,"fundamentalist","no",NA,"no",7,6,2,NA,1,0,0,4,0,120
2109,"female",56,1962,"White","no","White",16,2,1,67.7,39,5,1,"moderate","yes","no","yes",6,6,NA,80.89,3,5,11,NA,260,130
2110,"male",39,1979,"White","no","White",13,4,1,31.9,32,7,1,"moderate","yes",NA,"yes",6,6,1,NA,1,2,3,3,160,120
2111,"female",34,1984,"White","no","White",14,3,4,26.1,48,0,6,"liberal","yes","yes","yes",4,4,NA,70.24,3,3,10,NA,100,90
2112,"female",36,1982,"White","no","White",12,2,1,13.6,33,2,1,"fundamentalist","no",NA,"yes",4,4,2,NA,1,3,10,0,100,90
2113,"female",51,1967,"White","no","White",12,0,4,21.6,28,0,2,"moderate","no","yes","yes",4,4,2,NA,1,4,0,6,0,90
2114,"male",62,1956,"White","no","White",20,1,2,32,35,0,5,"none","yes","yes","no",4,2,NA,90.8,3,4,10,NA,0,110
2115,"female",75,1943,"AfricanAmerican","no","AfricanAmerican",14,1,2,26.1,48,8,1,"fundamentalist","no",NA,"no",2,4,2,NA,1,1,6,2,0,120
2116,"male",68,1950,"White","no","White",12,1,3,32,35,8,1,"fundamentalist","no","yes","yes",6,2,1,58.75,4,1,0,4,0,90
2117,"female",79,1939,"White","no","White",10,4,2,39.7,31,7,1,"fundamentalist","no","no","yes",4,4,2,NA,1,5,0,3,0,90
2118,"female",66,1952,"White","no","White",14,2,3,69.3,53,5,1,"moderate","no","no","no",6,6,3,75.44,2,0,0,3,0,100
2119,"female",20,1998,"White","no","White",10,1,1,49.13,45,5,1,"fundamentalist","yes","yes","yes",4,4,NA,80.7,1,1,12,NA,0,90
2120,"female",74,1944,"White","no","White",12,3,1,52,46,7,1,"fundamentalist","no","no","yes",5,5,1,NA,1,3,0,6,0,120
2121,"female",48,1970,"AfricanAmerican","no","AfricanAmerican",14,4,3,84.2,64,7,1,"fundamentalist","no","yes","yes",2,4,1,41.87,3,0,0,2,150,120
2122,"female",52,1966,"White","no","White",13,2,1,69.3,53,3,1,"liberal","no","yes","yes",6,4,NA,77.85,3,1,2,NA,0,110
2123,"male",87,1931,"White","no","White",14,4,2,46,49,6,1,"liberal","yes","no","yes",6,6,NA,70.01,3,8,2,NA,0,120
2124,"male",39,1979,"White","no","White",14,3,1,20.7,24,8,1,"fundamentalist","no","yes","no",4,5,NA,82.15,1,1,5,NA,150,120
2125,"female",35,1983,"AfricanAmerican","no","AfricanAmerican",14,3,1,43,38,8,1,"fundamentalist","no","yes","no",3,4,1,NA,1,5,0,1,0,120
2126,"female",30,1988,"White","no","White",14,0,4,19.6,31,5,1,"fundamentalist","yes","yes","no",6,5,NA,69.52,2,4,9,NA,0,110
2127,"female",20,1998,"White","no","White",13,0,4,21.8,35,7,1,"fundamentalist","yes","yes","yes",5,5,NA,90.21,2,0,12,NA,10,120
2128,"female",49,1969,"White","no","White",12,0,1,66.1,49,7,1,"fundamentalist","no","yes","yes",6,6,2,NA,1,9,0,5,180,120
2129,"female",36,1982,"White","yes","Latinx",17,3,1,21.1,31,7,2,"moderate","no","no","no",2,4,NA,91.93,3,6,6,NA,150,120
2130,"male",40,1978,"White","yes","Latinx",7,2,1,25.2,28,8,1,"fundamentalist","no","no","yes",2,6,1,NA,1,8,0,1,180,120
2131,"male",62,1956,"White","no","White",12,2,1,53.2,49,3,2,"moderate","yes",NA,"yes",2,2,2,NA,1,2,12,1,220,120
2132,"female",22,1996,"White","no","White",12,0,4,12.6,25,0,6,"liberal","no","yes","yes",7,6,2,70.76,1,3,0,4,90,110
2133,"female",38,1980,"White","no","White",20,2,1,80.9,61,5,1,"moderate","yes",NA,"no",1,2,2,NA,1,1,9,1,180,120
2134,"male",59,1959,"White","no","White",16,3,1,62.6,66,7,1,"fundamentalist","yes","yes","yes",5,7,NA,80.52,3,1,10,NA,200,120
2135,"female",25,1993,"White","no","White",15,0,1,58.6,55,2,6,"liberal","no","yes","yes",3,4,2,NA,1,2,0,1,130,120
2136,"female",55,1963,"White","no","White",12,2,1,41,39,2,1,"liberal","no",NA,"yes",2,2,4,NA,1,0,12,3,0,100
2137,"female",37,1981,"White","no","White",12,3,1,37.2,55,2,1,"fundamentalist","yes","no","yes",6,4,NA,68.17,1,5,4,NA,160,120
2138,"female",72,1946,"White","no","White",16,2,1,84.5,74,3,1,"fundamentalist","no","no","yes",7,7,2,90.37,3,0,0,5,80,120
2139,"female",58,1960,"White","no","White",9,5,1,23.8,25,7,1,"fundamentalist","no",NA,"yes",4,2,NA,NA,1,1,1,4,40,110
2140,"female",65,1953,"White","no","White",12,2,1,37.2,55,0,1,"moderate","no","no","yes",5,4,1,NA,1,0,0,1,130,110
2141,"female",46,1972,"White","no","White",12,0,1,43,38,0,1,"fundamentalist","no","yes","yes",3,5,NA,78.42,2,0,10,NA,80,120
2142,"female",50,1968,"White","no","White",12,3,1,24.2,48,0,6,"liberal","no","yes","yes",4,4,2,60.74,1,5,0,6,0,120
2143,"male",85,1933,"White","no","White",12,0,1,68,50,3,1,"fundamentalist","yes","no","yes",6,4,NA,77.99,1,4,11,NA,0,120
2144,"male",73,1945,"White","no","White",16,1,1,82.5,64,0,1,"fundamentalist","yes",NA,"yes",5,1,1,NA,1,0,12,2,0,80
2145,"male",89,1929,"White","no","White",12,2,2,65.1,59,7,1,"fundamentalist","yes","no","yes",4,6,NA,71.31,1,5,3,NA,230,120
2146,"male",69,1949,"White","no","White",14,0,2,33.2,37,0,1,"fundamentalist","yes","yes","yes",1,4,NA,68.31,1,4,0,NA,0,110
2147,"male",71,1947,"White","no","White",12,3,3,36.2,43,0,1,"fundamentalist","no","yes","yes",2,2,3,90.22,1,5,0,6,0,100
2148,"female",66,1952,"White","no","White",12,1,1,23.3,25,8,1,"fundamentalist","yes",NA,"yes",7,7,1,NA,1,1,6,7,0,120
2149,"male",19,1999,"White","no","White",11,0,4,37.87,39,8,1,"fundamentalist","no","no","no",7,7,1,NA,1,4,0,1,0,120
2150,"male",56,1962,"White","no","White",6,3,1,51.8,49,0,6,"liberal","no",NA,"yes",5,4,1,NA,1,0,6,4,0,110
2151,"male",46,1972,"White","no","White",8,5,3,32,35,2,6,"liberal","no","no","yes",4,4,2,50.8,1,0,0,3,160,120
2152,"female",49,1969,"White","no","White",14,5,1,37.2,55,6,1,"moderate","no","no","yes",6,6,2,73.09,1,0,0,4,0,120
2153,"female",34,1984,"White","no","White",14,7,4,13.6,21,0,1,"moderate","no","yes","no",4,1,NA,67.73,1,3,8,NA,150,120
2154,"female",31,1987,"White","no","White",14,1,1,20.7,24,2,2,"moderate","no","yes","yes",2,4,2,NA,1,4,0,3,0,120
2155,"female",32,1986,"AfricanAmerican","no","AfricanAmerican",12,0,4,20.7,24,2,1,"moderate","no","yes","yes",2,5,2,67.96,1,6,0,6,130,120
2156,"male",26,1992,"White","no","White",17,0,4,39.1,48,0,6,"liberal","no",NA,"yes",1,2,3,NA,1,0,10,2,130,120
2157,"male",53,1965,"White","no","White",12,8,3,25.2,28,2,1,"fundamentalist","no",NA,"no",1,4,1,NA,1,0,10,2,260,110
2158,"male",49,1969,"White","no","White",12,0,4,19.6,31,1,1,"fundamentalist","no","yes","no",4,4,NA,89.02,3,2,12,NA,50,100
2159,"female",20,1998,"AfricanAmerican","no","AfricanAmerican",13,0,4,19.6,31,0,6,"liberal","no",NA,"yes",4,4,2,NA,1,0,11,2,10,10
2160,"female",39,1979,"White","no","White",12,2,3,50.4,62,5,1,"fundamentalist","no","no","no",6,5,NA,67.64,3,7,10,NA,180,120
2161,"female",38,1980,"White","no","White",12,2,1,65.1,59,0,6,"liberal","no",NA,"yes",3,2,1,NA,1,0,8,1,190,120
2162,"male",33,1985,"White","no","White",19,0,4,91.1,69,3,2,"moderate","no","yes","yes",5,4,1,53.27,1,1,0,1,210,120
2163,"male",63,1955,"White","no","White",12,1,1,56.9,49,2,1,"liberal","no","no","yes",5,6,1,NA,1,1,0,2,90,120
2164,"male",82,1936,"White","no","White",9,7,1,32,35,0,1,"fundamentalist","yes",NA,"no",3,3,3,NA,1,1,3,3,0,110
2165,"female",47,1971,"White","no","White",12,3,4,17.1,32,3,1,"fundamentalist","yes","yes","yes",3,4,NA,70.89,2,8,9,NA,0,120
2166,"male",38,1980,"White","yes","Latinx",14,2,1,31.6,35,7,1,"moderate","yes",NA,"yes",6,6,1,NA,1,1,10,2,0,90
2167,"male",25,1993,"AfricanAmerican","no","AfricanAmerican",14,1,4,32.6,50,7,1,"fundamentalist","no",NA,"yes",2,4,1,NA,1,2,8,2,150,120
2168,"female",55,1963,"AfricanAmerican","no","AfricanAmerican",9,1,4,13.6,33,2,1,"moderate","no","no","yes",5,7,4,82.3,1,0,0,1,180,120
2169,"female",55,1963,"other","no","Other",10,3,1,23.8,25,6,2,"moderate","no","yes","yes",5,7,NA,90.51,1,6,4,NA,160,120
2170,"female",74,1944,"White","no","White",16,0,4,80.9,61,0,1,"liberal","no",NA,"no",5,6,2,NA,1,0,11,3,0,120
2171,"male",77,1941,"White","no","White",12,3,1,58.4,45,7,1,"liberal","yes",NA,"yes",7,5,2,NA,1,3,7,5,0,120
2172,"female",61,1957,"White","no","White",12,4,2,41,39,7,2,"moderate","yes",NA,"yes",1,4,1,NA,1,0,7,2,10,100
2173,"male",29,1989,"White","no","White",12,1,4,52.1,38,6,1,"moderate","yes","yes","yes",7,6,NA,90.05,2,0,11,NA,220,120
2174,"female",29,1989,"White","no","White",12,2,1,24.6,36,3,6,"liberal","yes",NA,"yes",4,4,2,NA,1,1,10,1,100,120
2175,"female",31,1987,"other","no","Other",12,3,4,38.8,47,7,5,"none","no","no","no",2,4,3,NA,1,0,0,0,180,120
2176,"female",37,1981,"White","no","White",12,2,3,24.2,48,5,1,"fundamentalist","no","yes","yes",1,4,NA,67.55,3,6,6,NA,120,100
2177,"male",74,1944,"White","no","White",12,4,3,39.9,46,5,1,"liberal","no","no","yes",7,4,2,80.11,1,7,0,5,0,90
2178,"female",80,1938,"White","no","White",14,4,2,20.1,48,7,1,"moderate","no",NA,"no",1,6,4,NA,1,2,4,4,100,110
2179,"female",78,1940,"White","no","White",12,6,2,61.4,55,7,1,"liberal","no","no","no",2,3,NA,71.32,2,5,6,NA,0,110
2180,"male",59,1959,"White","no","White",12,2,1,27.2,41,1,1,"moderate","yes","yes","no",6,4,NA,88.38,1,6,12,NA,0,120
2181,"female",39,1979,"White","no","White",12,3,1,14,21,5,1,"fundamentalist","no","yes","yes",2,3,2,NA,1,3,0,1,80,120
2182,"male",59,1959,"White","no","White",12,2,3,28.4,38,0,1,"fundamentalist","no","no","yes",7,4,2,NA,1,5,0,5,0,60
2183,"male",52,1966,"White","no","White",12,3,1,39.9,46,3,1,"liberal","no","no","yes",7,5,3,90.88,3,4,0,1,240,120
2184,"female",44,1974,"White","no","White",16,7,1,45.3,17,7,1,"moderate","yes",NA,"no",6,6,3,NA,1,3,10,1,0,120
2185,"female",36,1982,"White","no","White",12,1,4,53.2,49,0,1,"moderate","no","yes","no",4,3,2,NA,1,7,0,2,160,120
2186,"male",83,1935,"White","no","White",12,3,1,87.9,60,0,6,"liberal","yes",NA,"no",1,1,3,NA,1,1,7,4,0,110
2187,"female",47,1971,"White","no","White",12,0,3,39.7,31,4,1,"liberal","yes",NA,"yes",4,4,4,NA,1,0,11,1,180,120
2188,"male",65,1953,"White","no","White",12,3,1,39.9,46,1,1,"moderate","no","no","yes",3,5,2,NA,1,2,0,3,100,120
2189,"male",37,1981,"White","no","White",12,2,1,23.7,35,0,2,"moderate","yes",NA,"yes",4,5,1,NA,1,0,12,2,0,120
2190,"female",56,1962,"White","no","White",16,2,1,84.2,64,4,1,"liberal","no","no","no",3,2,4,NA,1,5,0,1,200,120
2191,"male",40,1978,"White","no","White",12,1,1,31,42,3,2,"moderate","yes",NA,"yes",7,6,2,NA,1,0,8,2,180,120
2192,"male",39,1979,"White","no","White",16,2,1,75.5,59,5,1,"moderate","no","yes","no",1,2,NA,66.77,4,4,7,NA,210,120
2193,"female",30,1988,"White","yes","Latinx",19,0,4,23.7,35,1,1,"moderate","no",NA,"no",4,4,2,NA,1,0,4,3,100,90
2194,"male",29,1989,"other","no","Other",15,0,4,51.9,46,7,4,"none","no","no","yes",4,4,NA,80.48,1,3,3,NA,0,50
2195,"female",24,1994,"other","no","Other",12,0,4,13.6,33,1,6,"liberal","no",NA,"yes",4,6,2,NA,1,2,12,2,20,100
2196,"female",59,1959,"White","no","White",12,3,3,24.2,48,2,1,"moderate","no","yes","yes",4,4,2,NA,1,4,0,8,0,90
2197,"male",44,1974,"White","no","White",14,3,1,62,45,1,1,"moderate","no","no","yes",4,5,4,NA,1,1,0,1,0,120
2198,"male",59,1959,"AfricanAmerican","no","AfricanAmerican",16,1,3,57.3,43,2,1,"moderate","no",NA,"yes",1,3,1,NA,1,0,11,2,170,120
2199,"male",39,1979,"White","no","White",18,0,4,77.2,55,0,6,"liberal","yes","yes","no",3,1,NA,69.79,1,2,9,NA,170,120
2200,"female",72,1946,"White","no","White",14,1,3,24.2,48,0,2,"moderate","no","no","yes",5,4,2,70.93,4,1,0,9,0,90
2201,"female",56,1962,"White","no","White",10,2,3,20.1,48,2,1,"fundamentalist","no",NA,"no",6,4,2,NA,1,1,0,9,40,110
2202,"female",36,1982,"White","no","White",14,3,3,20.9,35,1,2,"moderate","no","yes","yes",2,4,3,NA,1,0,0,2,0,120
2203,"male",82,1936,"White","no","White",12,3,1,20.9,35,0,1,"moderate","no","no","no",1,2,2,85.94,1,6,0,5,0,120
2204,"female",35,1983,"White","no","White",13,3,4,51.8,39,0,6,"liberal","no","yes","yes",4,4,NA,48.79,3,3,8,NA,0,100
2205,"male",37,1981,"White","no","White",15,2,1,46,49,1,1,"moderate","no","no","yes",5,4,1,NA,1,2,0,2,0,120
2206,"male",62,1956,"White","no","White",12,1,1,20.9,35,3,2,"moderate","yes",NA,"yes",4,4,2,NA,1,0,5,1,200,120
2207,"female",33,1985,"White","no","White",20,1,1,80.9,61,4,1,"moderate","yes","yes","no",6,5,NA,89.84,2,0,12,NA,180,120
2208,"male",25,1993,"White","no","White",12,0,4,24.2,48,0,1,"none","no","yes","yes",7,6,1,71.54,1,0,0,0,0,80
2209,"female",40,1978,"White","no","White",16,0,1,50,45,0,1,"moderate","yes",NA,"yes",4,4,1,NA,1,1,4,4,120,120
2210,"female",63,1955,"White","no","White",14,1,3,68.6,50,1,1,"moderate","yes","no","no",5,5,NA,67.17,1,2,8,NA,0,120
2211,"female",50,1968,"White","no","White",20,2,1,82.5,64,5,2,"moderate","yes","yes","no",2,4,NA,68.61,3,5,2,NA,200,120
2212,"male",71,1947,"White","no","White",14,0,1,26.8,35,0,1,"moderate","no","yes","yes",7,6,2,81.67,1,5,0,3,0,120
2213,"male",77,1941,"White","no","White",8,3,2,14.4,36,0,1,"fundamentalist","no",NA,"no",6,1,2,NA,1,1,7,5,0,10
2214,"male",33,1985,"White","no","White",12,0,4,19.7,27,1,1,"moderate","no","yes","yes",3,4,NA,41.16,2,3,4,NA,0,10
2215,"male",54,1964,"White","no","White",12,0,4,20,29,3,1,"moderate","no","no","yes",7,6,2,NA,1,4,0,3,0,120
2216,"male",41,1977,"White","no","White",12,4,1,46.6,33,0,1,"moderate","no","yes","yes",2,5,2,90.88,1,0,0,2,0,120
2217,"male",51,1967,"White","no","White",17,2,1,42.2,40,4,1,"fundamentalist","yes",NA,"yes",2,6,2,NA,1,2,7,3,210,120
2218,"female",42,1976,"White","no","White",12,0,4,19.6,31,0,6,"liberal","no","yes","yes",4,4,NA,69.8,2,3,4,NA,80,80
2219,"male",73,1945,"White","no","White",13,3,1,67.7,60,7,2,"moderate","yes",NA,"yes",4,5,2,NA,1,0,11,3,0,120
2220,"male",23,1995,"White","no","White",12,0,4,20.7,24,0,1,"liberal","no","yes","no",3,3,NA,71.45,1,1,0,2,0,10
2221,"male",57,1961,"White","no","White",12,0,4,39.2,45,0,1,"moderate","no",NA,"no",4,5,2,NA,1,0,5,11,0,20
2223,"male",58,1960,"other","yes","Latinx",2,6,1,25.1,44,2,2,"moderate","no","no","no",4,3,3,NA,1,4,0,0,0,110
2224,"male",59,1959,"White","no","White",13,0,3,28.7,44,2,1,"moderate","yes",NA,"yes",5,5,3,NA,1,1,8,3,180,120
2225,"female",27,1991,"White","no","White",18,0,1,43.8,44,2,1,"moderate","yes",NA,"no",6,5,1,NA,1,0,9,1,0,110
2226,"male",29,1989,"White","no","White",16,0,4,13.6,33,2,6,"liberal","yes","yes","yes",3,4,NA,72.87,2,4,12,NA,170,120
2227,"female",32,1986,"White","no","White",12,3,1,33.4,40,4,2,"moderate","yes",NA,"yes",5,5,3,NA,1,0,7,1,150,120
2228,"male",32,1986,"White","no","White",11,1,4,46,49,0,6,"liberal","yes","yes","yes",5,4,NA,71.4,1,0,8,NA,170,120
2229,"male",27,1991,"other","yes","Latinx",13,0,4,20.7,24,4,1,"moderate","no","no","no",2,3,2,79.26,1,5,0,3,150,120
2230,"female",40,1978,"White","no","White",12,0,1,12.6,25,0,1,"moderate","yes",NA,"yes",3,4,2,NA,1,1,12,2,140,120
2231,"female",30,1988,"White","no","White",17,2,1,41.1,53,4,5,"none","yes","yes","yes",5,4,NA,88.3,3,1,10,NA,0,120
2232,"female",68,1950,"White","no","White",14,0,4,84.2,64,0,6,"liberal","yes","no","yes",1,3,NA,83.73,1,2,12,NA,0,120
2233,"female",47,1971,"White","no","White",17,1,3,25,35,1,1,"liberal","no","yes","no",4,3,2,NA,1,1,0,2,110,100
2234,"male",51,1967,"White","no","White",9,0,4,31.2,45,2,2,"moderate","no","no","no",1,4,NA,26.92,2,3,8,NA,0,10
2235,"female",56,1962,"White","no","White",11,3,1,13.6,33,0,1,"liberal","no","no","yes",4,4,NA,82.29,1,0,11,NA,150,120
2236,"male",70,1948,"White","no","White",10,2,3,34.7,34,6,1,"fundamentalist","no","yes","yes",7,7,1,NA,1,4,0,1,0,110
2237,"male",80,1938,"other","no","Other",13,6,1,33.7,32,0,1,"fundamentalist","yes",NA,"yes",1,2,2,NA,1,1,2,4,0,120
2238,"female",53,1965,"White","no","White",8,2,1,39.7,31,0,6,"liberal","yes","yes","no",2,4,NA,59.17,1,0,10,NA,0,120
2239,"male",79,1939,"White","no","White",12,4,3,28.7,44,8,1,"liberal","no","no","yes",6,5,2,70.46,1,1,0,2,0,90
2240,"female",57,1961,"White","no","White",12,2,1,38.8,47,2,1,"fundamentalist","yes",NA,"no",2,3,3,NA,1,1,7,2,160,120
2241,"female",59,1959,"White","no","White",10,3,2,23.8,25,7,1,"liberal","yes","yes","yes",5,2,NA,50.78,1,5,6,NA,0,20
2242,"female",61,1957,"White","no","White",12,2,1,21.6,28,3,1,"fundamentalist","yes",NA,"yes",6,5,3,NA,1,0,3,3,100,120
2243,"male",45,1973,"White","no","White",12,2,3,65.1,59,6,1,"liberal","no","no","yes",5,4,2,77.98,2,2,0,1,0,120
2244,"male",66,1952,"White","no","White",12,2,3,13.6,33,0,1,"fundamentalist","no",NA,"yes",2,3,1,NA,1,0,3,0,0,100
2245,"female",55,1963,"White","no","White",12,2,3,38.3,45,0,1,"fundamentalist","no",NA,"yes",2,3,2,NA,1,2,2,0,30,110
2246,"female",60,1958,"White","no","White",12,2,1,24.2,48,7,1,"fundamentalist","yes","yes","yes",7,6,NA,79.4,1,4,10,NA,0,120
2247,"female",79,1939,"White","no","White",12,3,2,67.7,60,8,1,"fundamentalist","yes",NA,"no",6,6,1,NA,1,1,0,4,0,110
2248,"male",55,1963,"White","no","White",12,4,1,46,49,0,6,"liberal","yes","yes","yes",2,4,NA,80.13,2,1,1,NA,230,120
2249,"female",48,1970,"White","no","White",14,2,1,38.8,47,0,6,"liberal","no","no","yes",4,5,2,NA,1,0,0,3,110,120
2250,"female",56,1962,"White","no","White",14,2,3,20.7,24,6,1,"moderate","no",NA,"yes",1,5,2,NA,1,0,12,3,180,120
2251,"male",66,1952,"White","no","White",12,2,1,25.2,28,0,1,"none","no","no","yes",1,6,NA,83.8,2,1,10,NA,0,120
2252,"female",30,1988,"White","no","White",19,2,1,80.9,61,7,2,"moderate","yes",NA,"no",6,4,2,NA,1,3,5,1,190,120
2253,"female",21,1997,"White","no","White",12,1,4,24.2,48,0,6,"liberal","yes",NA,"yes",4,4,2,NA,1,2,10,8,0,120
2254,"male",29,1989,"White","no","White",12,1,3,18.6,37,0,1,"fundamentalist","yes","yes","yes",7,7,NA,81.81,1,3,12,NA,90,120
2255,"female",81,1937,"White","no","White",12,3,1,19.6,31,2,1,"fundamentalist","no","no","yes",6,4,3,NA,1,7,0,7,0,110
2256,"female",57,1961,"White","no","White",12,2,3,24.2,48,2,6,"liberal","no",NA,"yes",3,4,2,NA,1,2,9,4,170,120
2257,"male",37,1981,"White","no","White",12,3,3,21.6,28,2,1,"fundamentalist","no","yes","yes",6,6,1,71.69,2,1,0,2,90,90
2258,"male",77,1941,"White","no","White",8,6,1,20.8,29,0,1,"fundamentalist","yes",NA,"yes",1,3,2,NA,1,2,3,3,0,100
2259,"male",67,1951,"AfricanAmerican","no","AfricanAmerican",10,2,3,14,27,1,6,"liberal","no","no","yes",1,4,NA,50.6,1,1,5,NA,0,10
2260,"female",34,1984,"other","yes","Latinx",3,4,1,14.8,22,7,1,"fundamentalist","no","no","no",4,1,1,NA,1,4,0,1,120,120
2261,"female",24,1994,"AfricanAmerican","no","AfricanAmerican",16,0,4,80.9,61,6,1,"moderate","no","yes","no",3,3,NA,79.37,3,0,12,NA,160,120
2262,"female",21,1997,"other","yes","Latinx",16,0,4,62.1,45,5,1,"fundamentalist","no",NA,"yes",4,4,2,NA,1,0,5,6,140,30
2263,"male",30,1988,"other","yes","Latinx",6,3,4,18.6,37,4,2,"moderate","no","yes","no",3,1,NA,51.44,2,1,6,NA,50,50
2264,"female",28,1990,"AfricanAmerican","no","AfricanAmerican",13,2,4,34.11,37,7,1,"moderate","no",NA,"no",6,5,2,NA,1,0,3,5,0,30
2265,"female",22,1996,"AfricanAmerican","no","AfricanAmerican",14,0,4,24.2,48,3,1,"fundamentalist","no","no","yes",1,3,NA,81.71,1,3,10,NA,0,10
2266,"male",84,1934,"AfricanAmerican","no","AfricanAmerican",4,7,1,26.8,35,7,1,"fundamentalist","no","no","yes",1,3,1,79.06,1,1,0,2,0,10
2267,"male",65,1953,"White","no","White",12,1,1,20.7,24,8,1,"fundamentalist","yes","yes","yes",5,7,NA,90.13,5,5,11,NA,50,100
2268,"male",74,1944,"White","no","White",12,2,1,37.2,49,7,1,"fundamentalist","no","no","yes",7,6,1,NA,1,6,0,3,0,120
2269,"female",89,1929,"White","no","White",12,0,4,39.7,31,3,1,"fundamentalist","yes",NA,"no",4,4,2,NA,1,3,6,5,0,80
2270,"male",46,1972,"AfricanAmerican","no","AfricanAmerican",12,4,3,38.1,39,4,1,"fundamentalist","yes","no","yes",1,3,NA,71.99,1,0,1,NA,210,120
2271,"female",74,1944,"White","no","White",8,5,2,13.2,32,0,1,"fundamentalist","no","no","yes",3,6,2,82.33,1,1,0,2,0,100
2272,"female",34,1984,"White","no","White",11,3,1,32.6,50,8,1,"fundamentalist","yes",NA,"no",4,4,2,NA,1,2,1,5,80,120
2273,"female",34,1984,"AfricanAmerican","no","AfricanAmerican",14,3,1,43,38,0,6,"liberal","yes","no","yes",1,2,NA,69.85,1,2,6,NA,180,120
2274,"female",64,1954,"AfricanAmerican","no","AfricanAmerican",10,4,2,12.6,25,3,1,"fundamentalist","yes","yes","no",2,2,NA,68.72,1,3,0,NA,0,80
2275,"female",40,1978,"White","no","White",15,5,1,59.8,45,1,1,"fundamentalist","no","no","yes",6,6,1,NA,1,0,0,0,180,120
2276,"male",56,1962,"AfricanAmerican","no","AfricanAmerican",14,2,1,28.4,38,5,1,"moderate","no","no","yes",3,4,NA,69.03,1,4,2,NA,20,120
2277,"female",26,1992,"AfricanAmerican","no","AfricanAmerican",14,3,4,35.01,38,5,1,"moderate","no","no","no",6,4,NA,70.3,2,5,6,NA,0,10
2278,"male",64,1954,"White","no","White",13,2,3,77.9,44,4,1,"fundamentalist","no","no","yes",5,7,2,NA,1,2,0,2,0,110
2279,"female",68,1950,"White","no","White",17,0,4,59.1,38,7,2,"moderate","no","no","yes",7,6,NA,92.43,5,5,12,NA,100,110
2280,"female",30,1988,"White","no","White",12,1,1,38.2,32,0,1,"fundamentalist","no","no","yes",4,5,1,93.46,1,1,0,2,150,120
2281,"female",41,1977,"White","no","White",12,3,2,38.3,45,7,1,"fundamentalist","no","no","yes",4,6,2,NA,1,2,0,3,0,120
2282,"male",22,1996,"AfricanAmerican","no","AfricanAmerican",12,2,4,34.71,37,3,6,"none","yes","no","no",4,4,NA,80.32,2,2,8,NA,0,10
2283,"female",66,1952,"White","no","White",11,1,3,13.2,32,7,1,"fundamentalist","no","no","yes",2,3,2,67.38,2,2,0,5,0,90
2284,"female",35,1983,"White","no","White",12,6,1,20.8,39,7,1,"fundamentalist","yes",NA,"yes",4,4,2,NA,1,0,1,1,140,120
2285,"male",43,1975,"White","no","White",9,3,1,32,35,3,1,"fundamentalist","no","yes","yes",6,4,NA,80.17,3,4,9,NA,0,110
2286,"female",48,1970,"White","no","White",12,2,1,27,38,5,1,"fundamentalist","no","yes","yes",4,4,1,NA,1,6,0,2,170,120
2287,"male",34,1984,"other","yes","Latinx",6,4,4,21.6,34,5,2,"moderate","no",NA,"no",1,2,1,NA,1,3,2,1,130,120
2288,"male",60,1958,"White","no","White",10,1,1,39.7,31,7,1,"fundamentalist","no","yes","yes",6,6,NA,85.35,1,4,2,NA,0,90
2289,"female",52,1966,"White","no","White",11,0,3,26.8,35,0,1,"fundamentalist","no","yes","yes",1,7,1,NA,1,3,0,6,0,10
2290,"female",37,1981,"AfricanAmerican","no","AfricanAmerican",11,4,4,84.2,64,1,5,"none","no",NA,"no",4,4,2,NA,1,1,10,3,0,90
2291,"female",25,1993,"AfricanAmerican","no","AfricanAmerican",11,1,4,38.6,39,5,1,"moderate","no","yes","no",4,1,NA,76.9,1,8,12,NA,0,90
2292,"female",41,1977,"AfricanAmerican","no","AfricanAmerican",10,3,4,34.7,34,3,1,"fundamentalist","no","yes","yes",2,4,1,NA,1,4,0,1,0,60
2293,"male",41,1977,"AfricanAmerican","no","AfricanAmerican",12,2,4,22.9,34,7,1,"moderate","no",NA,"no",2,1,2,NA,1,1,1,2,10,90
2294,"female",77,1941,"AfricanAmerican","no","AfricanAmerican",9,7,2,38.1,39,5,1,"fundamentalist","no","yes","no",1,1,1,78.94,1,0,0,3,0,90
2295,"female",23,1995,"AfricanAmerican","no","AfricanAmerican",13,1,4,13.6,33,5,1,"fundamentalist","no",NA,"yes",5,7,1,NA,1,0,8,3,20,20
2296,"female",53,1965,"AfricanAmerican","no","AfricanAmerican",12,2,4,45.1,40,7,1,"fundamentalist","no",NA,"no",1,5,1,NA,1,1,2,7,0,90
2297,"male",30,1988,"AfricanAmerican","no","AfricanAmerican",10,1,4,10.6,20,2,1,"fundamentalist","no","yes","yes",3,4,NA,60.79,1,1,10,NA,150,120
2298,"female",21,1997,"AfricanAmerican","no","AfricanAmerican",13,0,4,12.6,25,3,1,"fundamentalist","no",NA,"yes",1,2,2,NA,1,3,6,0,30,80
2299,"male",75,1943,"AfricanAmerican","no","AfricanAmerican",6,3,3,32,35,1,6,"liberal","yes","yes","yes",4,4,NA,89.28,1,1,3,NA,0,30
2300,"male",77,1941,"AfricanAmerican","no","AfricanAmerican",12,3,1,39.9,46,7,1,"fundamentalist","yes",NA,"yes",2,7,1,NA,1,1,0,6,0,40
2301,"male",68,1950,"AfricanAmerican","no","AfricanAmerican",10,7,1,28.4,38,7,1,"fundamentalist","no","yes","no",1,2,NA,79.58,1,4,5,NA,0,90
2302,"female",28,1990,"AfricanAmerican","no","AfricanAmerican",12,2,1,47.9,47,5,1,"moderate","no",NA,"yes",1,4,2,NA,1,1,11,4,130,110
2303,"female",20,1998,"AfricanAmerican","no","AfricanAmerican",12,0,4,34.21,37,2,1,"fundamentalist","no","yes","no",5,4,NA,72.53,1,4,2,NA,60,80
2304,"male",66,1952,"White","no","White",6,5,3,14,27,0,1,"fundamentalist","no","no","yes",6,4,1,89.15,2,4,0,6,10,80
2305,"male",52,1966,"AfricanAmerican","no","AfricanAmerican",10,6,3,25.2,28,5,6,"liberal","yes",NA,"no",2,4,2,NA,1,0,2,1,210,120
2306,"male",40,1978,"White","no","White",12,0,1,32.6,37,0,6,"liberal","no","yes","yes",4,2,NA,68.48,1,1,12,NA,160,120
2307,"female",31,1987,"AfricanAmerican","no","AfricanAmerican",12,0,1,40.94,40,7,4,"none","no","no","yes",4,6,NA,65.35,1,1,7,NA,0,120
2308,"male",32,1986,"AfricanAmerican","no","AfricanAmerican",12,0,4,20.7,24,5,1,"fundamentalist","no","no","no",5,3,2,NA,1,4,0,3,130,90
2309,"female",53,1965,"AfricanAmerican","no","AfricanAmerican",9,1,4,21.6,34,4,6,"liberal","no",NA,"yes",2,2,2,NA,1,1,6,2,0,10
2310,"male",78,1940,"AfricanAmerican","no","AfricanAmerican",14,2,3,60.4,59,5,1,"fundamentalist","no","no","no",3,6,NA,69.53,1,3,4,NA,0,120
2311,"male",54,1964,"White","no","White",13,2,1,65.3,60,2,1,"fundamentalist","no","yes","yes",6,4,1,75.85,1,2,0,3,160,120
2312,"female",25,1993,"White","no","White",14,1,4,33.4,40,7,1,"fundamentalist","no",NA,"yes",6,5,1,NA,1,2,8,0,80,120
2313,"female",53,1965,"White","no","White",8,4,1,18.8,28,7,1,"moderate","yes",NA,"no",4,4,2,NA,1,1,11,2,140,120
2314,"female",54,1964,"White","no","White",12,0,3,28.6,48,0,1,"fundamentalist","no","yes","yes",5,4,NA,67.04,2,0,7,NA,0,70
2315,"male",26,1992,"White","no","White",12,0,4,59,57,8,6,"liberal","no","no","no",4,6,2,NA,1,3,0,1,170,120
2317,"male",56,1962,"White","no","White",17,0,1,57.4,50,0,6,"liberal","yes",NA,"yes",6,6,2,NA,1,0,8,2,230,120
2318,"female",36,1982,"White","no","White",20,0,1,84.5,74,0,6,"liberal","yes","yes","no",1,1,NA,80.33,3,3,12,NA,190,120
2319,"female",52,1966,"White","no","White",12,3,3,24.2,48,0,6,"liberal","no","yes","yes",4,5,NA,82.54,1,5,10,NA,190,120
2320,"male",68,1950,"AfricanAmerican","no","AfricanAmerican",10,3,1,23.3,25,0,6,"liberal","no","yes","no",1,3,2,74.44,1,7,0,4,60,110
2321,"male",67,1951,"AfricanAmerican","no","AfricanAmerican",12,2,3,23.3,25,0,1,"moderate","yes",NA,"yes",4,1,2,NA,1,0,12,4,0,120
2322,"male",53,1965,"White","no","White",15,2,1,83.8,70,8,1,"none","yes","yes","yes",6,6,NA,70.24,3,3,5,NA,210,120
2323,"female",43,1975,"White","no","White",14,1,1,51.8,49,0,1,"moderate","no","no","yes",6,6,2,69.83,3,1,0,0,200,120
2324,"female",38,1980,"White","no","White",16,2,1,50,45,4,5,"none","no","yes","no",3,2,4,NA,1,1,0,0,0,120
2325,"female",68,1950,"White","no","White",12,3,2,31.6,35,0,6,"liberal","yes",NA,"no",4,4,2,NA,1,0,11,5,60,110
2326,"female",57,1961,"White","no","White",16,3,2,14,21,5,1,"liberal","no",NA,"no",3,2,1,NA,1,1,12,1,60,120
2327,"male",39,1979,"White","no","White",12,4,4,39.9,29,0,6,"liberal","yes","no","yes",5,4,NA,68.91,1,2,12,NA,210,120
2328,"male",66,1952,"White","no","White",16,0,4,14.4,36,2,6,"liberal","no","yes","yes",3,3,2,64.72,1,3,0,2,20,20
2329,"male",74,1944,"White","no","White",17,3,2,70.1,73,5,1,"liberal","yes","no","yes",7,5,NA,81.44,5,4,10,NA,0,120
2330,"female",39,1979,"White","no","White",14,2,4,19.6,31,0,6,"liberal","no","yes","yes",3,2,3,NA,1,4,0,2,0,120
2331,"male",50,1968,"White","no","White",14,2,1,52.5,44,0,1,"fundamentalist","no","no","no",3,5,3,80.28,1,4,0,1,190,120
2332,"female",74,1944,"White","no","White",12,0,3,38.8,47,3,1,"liberal","no","no","yes",3,4,4,NA,1,4,0,3,0,110
2333,"female",35,1983,"White","no","White",17,2,1,84.2,64,7,1,"moderate","no","no","no",3,4,NA,90.27,5,7,8,NA,0,110
2334,"male",76,1942,"White","no","White",20,2,1,77.4,72,1,1,"liberal","yes",NA,"yes",3,4,2,NA,1,2,12,2,0,120
2335,"female",65,1953,"White","no","White",18,5,2,80.9,61,0,6,"liberal","no","no","no",3,2,NA,80.51,5,1,11,NA,0,120
2336,"female",54,1964,"White","no","White",18,0,1,88.3,59,0,6,"liberal","yes",NA,"yes",3,4,2,NA,1,3,12,2,170,120
2337,"female",25,1993,"White","no","White",16,0,4,72.7,58,0,2,"moderate","no","yes","yes",5,4,3,58.51,2,5,0,2,80,120
2338,"female",87,1931,"White","no","White",12,4,2,13.6,33,7,1,"liberal","no","no","yes",7,6,NA,79.68,1,0,1,NA,0,100
2339,"female",46,1972,"White","no","White",12,3,3,24.2,48,8,1,"moderate","no","yes","yes",7,4,NA,72.25,5,4,2,NA,0,100
2340,"female",29,1989,"White","no","White",14,0,1,39.7,31,5,5,"none","yes",NA,"yes",4,4,2,NA,1,2,10,1,160,120
2341,"male",89,1929,"White","no","White",8,2,2,32,35,0,1,"none","no","no","yes",5,4,2,NA,1,1,0,2,0,100
2343,"male",19,1999,"White","no","White",12,0,4,41.53,41,0,6,"liberal","no","yes","yes",6,4,NA,79.59,1,5,12,NA,0,100
2344,"female",37,1981,"White","yes","Latinx",12,2,3,38.8,47,0,1,"none","no",NA,"no",4,4,3,NA,1,0,7,2,110,110
2345,"female",75,1943,"White","no","White",12,4,1,21.6,28,0,1,"fundamentalist","no",NA,"yes",6,5,1,NA,1,0,2,6,110,120
2346,"female",67,1951,"White","no","White",12,3,1,41.8,40,3,3,"liberal","yes","yes","yes",4,4,NA,81.77,3,1,9,NA,30,120
2347,"male",72,1946,"White","no","White",16,2,1,62.7,47,1,1,"none","no","no","yes",5,6,3,NA,1,4,0,1,0,120
2348,"female",79,1939,"White","no","White",12,6,2,13.6,33,7,2,"moderate","yes",NA,"yes",4,4,1,NA,1,3,5,1,0,100
